Protocol	CellType	Disease	SRAID	Sample
SmartSeq2	PP	ND	GSM2158511	PP_ND_GSM2158511
SmartSeq2	PP	ND	GSM2158512	PP_ND_GSM2158512
SmartSeq2	PP	ND	GSM2158513	PP_ND_GSM2158513
SmartSeq2	PP	ND	GSM2158514	PP_ND_GSM2158514
SmartSeq2	PP	ND	GSM2158515	PP_ND_GSM2158515
SmartSeq2	PP	ND	GSM2158516	PP_ND_GSM2158516
SmartSeq2	PP	ND	GSM2158517	PP_ND_GSM2158517
SmartSeq2	PP	ND	GSM2158518	PP_ND_GSM2158518
SmartSeq2	PP	ND	GSM2158519	PP_ND_GSM2158519
SmartSeq2	PP	ND	GSM2158520	PP_ND_GSM2158520
SmartSeq2	PP	ND	GSM2158521	PP_ND_GSM2158521
SmartSeq2	PP	ND	GSM2158522	PP_ND_GSM2158522
SmartSeq2	PP	ND	GSM2158523	PP_ND_GSM2158523
SmartSeq2	PP	ND	GSM2158524	PP_ND_GSM2158524
SmartSeq2	PP	ND	GSM2158525	PP_ND_GSM2158525
SmartSeq2	PP	ND	GSM2158526	PP_ND_GSM2158526
SmartSeq2	PP	ND	GSM2158527	PP_ND_GSM2158527
SmartSeq2	PP	ND	GSM2158528	PP_ND_GSM2158528
SmartSeq2	PP	ND	GSM2158529	PP_ND_GSM2158529
SmartSeq2	PP	ND	GSM2158530	PP_ND_GSM2158530
SmartSeq2	PP	ND	GSM2158531	PP_ND_GSM2158531
SmartSeq2	PP	ND	GSM2158532	PP_ND_GSM2158532
SmartSeq2	PP	ND	GSM2158533	PP_ND_GSM2158533
SmartSeq2	PP	ND	GSM2158534	PP_ND_GSM2158534
SmartSeq2	PP	ND	GSM2158535	PP_ND_GSM2158535
SmartSeq2	PP	ND	GSM2158536	PP_ND_GSM2158536
SmartSeq2	PP	ND	GSM2158537	PP_ND_GSM2158537
SmartSeq2	PP	ND	GSM2158538	PP_ND_GSM2158538
SmartSeq2	PP	ND	GSM2158539	PP_ND_GSM2158539
SmartSeq2	PP	ND	GSM2158540	PP_ND_GSM2158540
SmartSeq2	PP	ND	GSM2158541	PP_ND_GSM2158541
SmartSeq2	PP	ND	GSM2158542	PP_ND_GSM2158542
SmartSeq2	PP	ND	GSM2158543	PP_ND_GSM2158543
SmartSeq2	PP	ND	GSM2158544	PP_ND_GSM2158544
SmartSeq2	PP	ND	GSM2158545	PP_ND_GSM2158545
SmartSeq2	PP	ND	GSM2158546	PP_ND_GSM2158546
SmartSeq2	PP	ND	GSM2158547	PP_ND_GSM2158547
SmartSeq2	PP	ND	GSM2158548	PP_ND_GSM2158548
SmartSeq2	PP	ND	GSM2158549	PP_ND_GSM2158549
SmartSeq2	PP	T2D	GSM2159505	PP_T2D_GSM2159505
SmartSeq2	PP	T2D	GSM2159506	PP_T2D_GSM2159506
SmartSeq2	PP	T2D	GSM2159507	PP_T2D_GSM2159507
SmartSeq2	PP	T2D	GSM2159508	PP_T2D_GSM2159508
SmartSeq2	PP	T2D	GSM2159509	PP_T2D_GSM2159509
SmartSeq2	PP	T2D	GSM2159510	PP_T2D_GSM2159510
SmartSeq2	PP	T2D	GSM2159511	PP_T2D_GSM2159511
SmartSeq2	PP	T2D	GSM2159512	PP_T2D_GSM2159512
SmartSeq2	PP	T2D	GSM2159513	PP_T2D_GSM2159513
SmartSeq2	PP	T2D	GSM2159514	PP_T2D_GSM2159514
SmartSeq2	PP	T2D	GSM2159515	PP_T2D_GSM2159515
SmartSeq2	PP	T2D	GSM2159516	PP_T2D_GSM2159516
SmartSeq2	PP	T2D	GSM2159517	PP_T2D_GSM2159517
SmartSeq2	PP	T2D	GSM2159518	PP_T2D_GSM2159518
SmartSeq2	PP	T2D	GSM2159519	PP_T2D_GSM2159519
SmartSeq2	PP	T2D	GSM2159520	PP_T2D_GSM2159520
SmartSeq2	PP	T2D	GSM2159521	PP_T2D_GSM2159521
SmartSeq2	PP	T2D	GSM2159522	PP_T2D_GSM2159522
SmartSeq2	PP	T2D	GSM2159523	PP_T2D_GSM2159523
SmartSeq2	PP	T2D	GSM2159524	PP_T2D_GSM2159524
SmartSeq2	PP	T2D	GSM2159525	PP_T2D_GSM2159525
SmartSeq2	PP	T2D	GSM2159526	PP_T2D_GSM2159526
SmartSeq2	PP	T2D	GSM2159527	PP_T2D_GSM2159527
SmartSeq2	PP	T2D	GSM2159528	PP_T2D_GSM2159528
SmartSeq2	PP	T2D	GSM2159529	PP_T2D_GSM2159529
SmartSeq2	PP	T2D	GSM2159530	PP_T2D_GSM2159530
SmartSeq2	PP	T2D	GSM2159531	PP_T2D_GSM2159531
SmartSeq2	PP	T2D	GSM2159532	PP_T2D_GSM2159532
SmartSeq2	PP	T2D	GSM2159533	PP_T2D_GSM2159533
SmartSeq2	PP	T2D	GSM2159534	PP_T2D_GSM2159534
SmartSeq2	PP	T2D	GSM2159535	PP_T2D_GSM2159535
SmartSeq2	PP	T2D	GSM2159536	PP_T2D_GSM2159536
SmartSeq2	PP	T2D	GSM2159537	PP_T2D_GSM2159537
SmartSeq2	PP	T2D	GSM2159538	PP_T2D_GSM2159538
SmartSeq2	PP	T2D	GSM2159539	PP_T2D_GSM2159539
SmartSeq2	PP	T2D	GSM2159540	PP_T2D_GSM2159540
SmartSeq2	PP	T2D	GSM2159541	PP_T2D_GSM2159541
SmartSeq2	PP	T2D	GSM2159542	PP_T2D_GSM2159542
SmartSeq2	PP	T2D	GSM2159543	PP_T2D_GSM2159543
SmartSeq2	PP	T2D	GSM2159544	PP_T2D_GSM2159544
SmartSeq2	PP	T2D	GSM2159545	PP_T2D_GSM2159545
SmartSeq2	PP	T2D	GSM2159546	PP_T2D_GSM2159546
SmartSeq2	PP	T2D	GSM2159547	PP_T2D_GSM2159547
SmartSeq2	PP	T2D	GSM2159548	PP_T2D_GSM2159548
SmartSeq2	PP	T2D	GSM2159549	PP_T2D_GSM2159549
SmartSeq2	PP	T2D	GSM2159550	PP_T2D_GSM2159550
SmartSeq2	PP	T2D	GSM2159551	PP_T2D_GSM2159551
SmartSeq2	PP	T2D	GSM2159552	PP_T2D_GSM2159552
SmartSeq2	PP	T2D	GSM2159553	PP_T2D_GSM2159553
SmartSeq2	PP	T2D	GSM2159554	PP_T2D_GSM2159554
SmartSeq2	PP	T2D	GSM2159555	PP_T2D_GSM2159555
SmartSeq2	PP	T2D	GSM2159556	PP_T2D_GSM2159556
SmartSeq2	PP	T2D	GSM2159557	PP_T2D_GSM2159557
SmartSeq2	PP	T2D	GSM2159558	PP_T2D_GSM2159558
SmartSeq2	alpha	ND	GSM2158106	alpha_ND_GSM2158106
SmartSeq2	alpha	ND	GSM2158107	alpha_ND_GSM2158107
SmartSeq2	alpha	ND	GSM2158108	alpha_ND_GSM2158108
SmartSeq2	alpha	ND	GSM2158109	alpha_ND_GSM2158109
SmartSeq2	alpha	ND	GSM2158110	alpha_ND_GSM2158110
SmartSeq2	alpha	ND	GSM2158111	alpha_ND_GSM2158111
SmartSeq2	alpha	ND	GSM2158112	alpha_ND_GSM2158112
SmartSeq2	alpha	ND	GSM2158113	alpha_ND_GSM2158113
SmartSeq2	alpha	ND	GSM2158114	alpha_ND_GSM2158114
SmartSeq2	alpha	ND	GSM2158115	alpha_ND_GSM2158115
SmartSeq2	alpha	ND	GSM2158116	alpha_ND_GSM2158116
SmartSeq2	alpha	ND	GSM2158117	alpha_ND_GSM2158117
SmartSeq2	alpha	ND	GSM2158118	alpha_ND_GSM2158118
SmartSeq2	alpha	ND	GSM2158119	alpha_ND_GSM2158119
SmartSeq2	alpha	ND	GSM2158120	alpha_ND_GSM2158120
SmartSeq2	alpha	ND	GSM2158121	alpha_ND_GSM2158121
SmartSeq2	alpha	ND	GSM2158122	alpha_ND_GSM2158122
SmartSeq2	alpha	ND	GSM2158123	alpha_ND_GSM2158123
SmartSeq2	alpha	ND	GSM2158124	alpha_ND_GSM2158124
SmartSeq2	alpha	ND	GSM2158125	alpha_ND_GSM2158125
SmartSeq2	alpha	ND	GSM2158126	alpha_ND_GSM2158126
SmartSeq2	alpha	ND	GSM2158127	alpha_ND_GSM2158127
SmartSeq2	alpha	ND	GSM2158128	alpha_ND_GSM2158128
SmartSeq2	alpha	ND	GSM2158129	alpha_ND_GSM2158129
SmartSeq2	alpha	ND	GSM2158130	alpha_ND_GSM2158130
SmartSeq2	alpha	ND	GSM2158131	alpha_ND_GSM2158131
SmartSeq2	alpha	ND	GSM2158132	alpha_ND_GSM2158132
SmartSeq2	alpha	ND	GSM2158133	alpha_ND_GSM2158133
SmartSeq2	alpha	ND	GSM2158134	alpha_ND_GSM2158134
SmartSeq2	alpha	ND	GSM2158135	alpha_ND_GSM2158135
SmartSeq2	alpha	ND	GSM2158136	alpha_ND_GSM2158136
SmartSeq2	alpha	ND	GSM2158137	alpha_ND_GSM2158137
SmartSeq2	alpha	ND	GSM2158138	alpha_ND_GSM2158138
SmartSeq2	alpha	ND	GSM2158139	alpha_ND_GSM2158139
SmartSeq2	alpha	ND	GSM2158140	alpha_ND_GSM2158140
SmartSeq2	alpha	ND	GSM2158141	alpha_ND_GSM2158141
SmartSeq2	alpha	ND	GSM2158142	alpha_ND_GSM2158142
SmartSeq2	alpha	ND	GSM2158143	alpha_ND_GSM2158143
SmartSeq2	alpha	ND	GSM2158144	alpha_ND_GSM2158144
SmartSeq2	alpha	ND	GSM2158145	alpha_ND_GSM2158145
SmartSeq2	alpha	ND	GSM2158146	alpha_ND_GSM2158146
SmartSeq2	alpha	ND	GSM2158147	alpha_ND_GSM2158147
SmartSeq2	alpha	ND	GSM2158148	alpha_ND_GSM2158148
SmartSeq2	alpha	ND	GSM2158149	alpha_ND_GSM2158149
SmartSeq2	alpha	ND	GSM2158150	alpha_ND_GSM2158150
SmartSeq2	alpha	ND	GSM2158151	alpha_ND_GSM2158151
SmartSeq2	alpha	ND	GSM2158152	alpha_ND_GSM2158152
SmartSeq2	alpha	ND	GSM2158153	alpha_ND_GSM2158153
SmartSeq2	alpha	ND	GSM2158154	alpha_ND_GSM2158154
SmartSeq2	alpha	ND	GSM2158155	alpha_ND_GSM2158155
SmartSeq2	alpha	ND	GSM2158156	alpha_ND_GSM2158156
SmartSeq2	alpha	ND	GSM2158157	alpha_ND_GSM2158157
SmartSeq2	alpha	ND	GSM2158158	alpha_ND_GSM2158158
SmartSeq2	alpha	ND	GSM2158159	alpha_ND_GSM2158159
SmartSeq2	alpha	ND	GSM2158160	alpha_ND_GSM2158160
SmartSeq2	alpha	ND	GSM2158161	alpha_ND_GSM2158161
SmartSeq2	alpha	ND	GSM2158162	alpha_ND_GSM2158162
SmartSeq2	alpha	ND	GSM2158163	alpha_ND_GSM2158163
SmartSeq2	alpha	ND	GSM2158164	alpha_ND_GSM2158164
SmartSeq2	alpha	ND	GSM2158165	alpha_ND_GSM2158165
SmartSeq2	alpha	ND	GSM2158166	alpha_ND_GSM2158166
SmartSeq2	alpha	ND	GSM2158167	alpha_ND_GSM2158167
SmartSeq2	alpha	ND	GSM2158168	alpha_ND_GSM2158168
SmartSeq2	alpha	ND	GSM2158169	alpha_ND_GSM2158169
SmartSeq2	alpha	ND	GSM2158170	alpha_ND_GSM2158170
SmartSeq2	alpha	ND	GSM2158171	alpha_ND_GSM2158171
SmartSeq2	alpha	ND	GSM2158172	alpha_ND_GSM2158172
SmartSeq2	alpha	ND	GSM2158173	alpha_ND_GSM2158173
SmartSeq2	alpha	ND	GSM2158174	alpha_ND_GSM2158174
SmartSeq2	alpha	ND	GSM2158175	alpha_ND_GSM2158175
SmartSeq2	alpha	ND	GSM2158176	alpha_ND_GSM2158176
SmartSeq2	alpha	ND	GSM2158177	alpha_ND_GSM2158177
SmartSeq2	alpha	ND	GSM2158178	alpha_ND_GSM2158178
SmartSeq2	alpha	ND	GSM2158179	alpha_ND_GSM2158179
SmartSeq2	alpha	ND	GSM2158180	alpha_ND_GSM2158180
SmartSeq2	alpha	ND	GSM2158181	alpha_ND_GSM2158181
SmartSeq2	alpha	ND	GSM2158182	alpha_ND_GSM2158182
SmartSeq2	alpha	ND	GSM2158183	alpha_ND_GSM2158183
SmartSeq2	alpha	ND	GSM2158184	alpha_ND_GSM2158184
SmartSeq2	alpha	ND	GSM2158185	alpha_ND_GSM2158185
SmartSeq2	alpha	ND	GSM2158186	alpha_ND_GSM2158186
SmartSeq2	alpha	ND	GSM2158187	alpha_ND_GSM2158187
SmartSeq2	alpha	ND	GSM2158188	alpha_ND_GSM2158188
SmartSeq2	alpha	ND	GSM2158189	alpha_ND_GSM2158189
SmartSeq2	alpha	ND	GSM2158190	alpha_ND_GSM2158190
SmartSeq2	alpha	ND	GSM2158191	alpha_ND_GSM2158191
SmartSeq2	alpha	ND	GSM2158192	alpha_ND_GSM2158192
SmartSeq2	alpha	ND	GSM2158193	alpha_ND_GSM2158193
SmartSeq2	alpha	ND	GSM2158194	alpha_ND_GSM2158194
SmartSeq2	alpha	ND	GSM2158195	alpha_ND_GSM2158195
SmartSeq2	alpha	ND	GSM2158196	alpha_ND_GSM2158196
SmartSeq2	alpha	ND	GSM2158197	alpha_ND_GSM2158197
SmartSeq2	alpha	ND	GSM2158198	alpha_ND_GSM2158198
SmartSeq2	alpha	ND	GSM2158199	alpha_ND_GSM2158199
SmartSeq2	alpha	ND	GSM2158200	alpha_ND_GSM2158200
SmartSeq2	alpha	ND	GSM2158201	alpha_ND_GSM2158201
SmartSeq2	alpha	ND	GSM2158202	alpha_ND_GSM2158202
SmartSeq2	alpha	ND	GSM2158203	alpha_ND_GSM2158203
SmartSeq2	alpha	ND	GSM2158204	alpha_ND_GSM2158204
SmartSeq2	alpha	ND	GSM2158205	alpha_ND_GSM2158205
SmartSeq2	alpha	ND	GSM2158206	alpha_ND_GSM2158206
SmartSeq2	alpha	ND	GSM2158207	alpha_ND_GSM2158207
SmartSeq2	alpha	ND	GSM2158208	alpha_ND_GSM2158208
SmartSeq2	alpha	ND	GSM2158209	alpha_ND_GSM2158209
SmartSeq2	alpha	ND	GSM2158210	alpha_ND_GSM2158210
SmartSeq2	alpha	ND	GSM2158211	alpha_ND_GSM2158211
SmartSeq2	alpha	ND	GSM2158212	alpha_ND_GSM2158212
SmartSeq2	alpha	ND	GSM2158213	alpha_ND_GSM2158213
SmartSeq2	alpha	ND	GSM2158214	alpha_ND_GSM2158214
SmartSeq2	alpha	ND	GSM2158215	alpha_ND_GSM2158215
SmartSeq2	alpha	ND	GSM2158216	alpha_ND_GSM2158216
SmartSeq2	alpha	ND	GSM2158217	alpha_ND_GSM2158217
SmartSeq2	alpha	ND	GSM2158218	alpha_ND_GSM2158218
SmartSeq2	alpha	ND	GSM2158219	alpha_ND_GSM2158219
SmartSeq2	alpha	ND	GSM2158220	alpha_ND_GSM2158220
SmartSeq2	alpha	ND	GSM2158221	alpha_ND_GSM2158221
SmartSeq2	alpha	ND	GSM2158222	alpha_ND_GSM2158222
SmartSeq2	alpha	ND	GSM2158223	alpha_ND_GSM2158223
SmartSeq2	alpha	ND	GSM2158224	alpha_ND_GSM2158224
SmartSeq2	alpha	ND	GSM2158225	alpha_ND_GSM2158225
SmartSeq2	alpha	ND	GSM2158226	alpha_ND_GSM2158226
SmartSeq2	alpha	ND	GSM2158227	alpha_ND_GSM2158227
SmartSeq2	alpha	ND	GSM2158228	alpha_ND_GSM2158228
SmartSeq2	alpha	ND	GSM2158229	alpha_ND_GSM2158229
SmartSeq2	alpha	ND	GSM2158230	alpha_ND_GSM2158230
SmartSeq2	alpha	ND	GSM2158231	alpha_ND_GSM2158231
SmartSeq2	alpha	ND	GSM2158232	alpha_ND_GSM2158232
SmartSeq2	alpha	ND	GSM2158233	alpha_ND_GSM2158233
SmartSeq2	alpha	ND	GSM2158234	alpha_ND_GSM2158234
SmartSeq2	alpha	ND	GSM2158235	alpha_ND_GSM2158235
SmartSeq2	alpha	ND	GSM2158236	alpha_ND_GSM2158236
SmartSeq2	alpha	ND	GSM2158237	alpha_ND_GSM2158237
SmartSeq2	alpha	ND	GSM2158238	alpha_ND_GSM2158238
SmartSeq2	alpha	ND	GSM2158239	alpha_ND_GSM2158239
SmartSeq2	alpha	ND	GSM2158240	alpha_ND_GSM2158240
SmartSeq2	alpha	ND	GSM2158241	alpha_ND_GSM2158241
SmartSeq2	alpha	ND	GSM2158242	alpha_ND_GSM2158242
SmartSeq2	alpha	ND	GSM2158243	alpha_ND_GSM2158243
SmartSeq2	alpha	ND	GSM2158244	alpha_ND_GSM2158244
SmartSeq2	alpha	ND	GSM2158245	alpha_ND_GSM2158245
SmartSeq2	alpha	ND	GSM2158246	alpha_ND_GSM2158246
SmartSeq2	alpha	ND	GSM2158247	alpha_ND_GSM2158247
SmartSeq2	alpha	ND	GSM2158248	alpha_ND_GSM2158248
SmartSeq2	alpha	ND	GSM2158249	alpha_ND_GSM2158249
SmartSeq2	alpha	ND	GSM2158250	alpha_ND_GSM2158250
SmartSeq2	alpha	ND	GSM2158251	alpha_ND_GSM2158251
SmartSeq2	alpha	ND	GSM2158252	alpha_ND_GSM2158252
SmartSeq2	alpha	ND	GSM2158253	alpha_ND_GSM2158253
SmartSeq2	alpha	ND	GSM2158254	alpha_ND_GSM2158254
SmartSeq2	alpha	ND	GSM2158255	alpha_ND_GSM2158255
SmartSeq2	alpha	ND	GSM2158256	alpha_ND_GSM2158256
SmartSeq2	alpha	ND	GSM2158257	alpha_ND_GSM2158257
SmartSeq2	alpha	ND	GSM2158258	alpha_ND_GSM2158258
SmartSeq2	alpha	ND	GSM2158259	alpha_ND_GSM2158259
SmartSeq2	alpha	ND	GSM2158260	alpha_ND_GSM2158260
SmartSeq2	alpha	ND	GSM2158261	alpha_ND_GSM2158261
SmartSeq2	alpha	ND	GSM2158262	alpha_ND_GSM2158262
SmartSeq2	alpha	ND	GSM2158263	alpha_ND_GSM2158263
SmartSeq2	alpha	ND	GSM2158264	alpha_ND_GSM2158264
SmartSeq2	alpha	ND	GSM2158265	alpha_ND_GSM2158265
SmartSeq2	alpha	ND	GSM2158266	alpha_ND_GSM2158266
SmartSeq2	alpha	ND	GSM2158267	alpha_ND_GSM2158267
SmartSeq2	alpha	ND	GSM2158268	alpha_ND_GSM2158268
SmartSeq2	alpha	ND	GSM2158269	alpha_ND_GSM2158269
SmartSeq2	alpha	ND	GSM2158270	alpha_ND_GSM2158270
SmartSeq2	alpha	ND	GSM2158271	alpha_ND_GSM2158271
SmartSeq2	alpha	ND	GSM2158272	alpha_ND_GSM2158272
SmartSeq2	alpha	ND	GSM2158273	alpha_ND_GSM2158273
SmartSeq2	alpha	ND	GSM2158274	alpha_ND_GSM2158274
SmartSeq2	alpha	ND	GSM2158275	alpha_ND_GSM2158275
SmartSeq2	alpha	ND	GSM2158276	alpha_ND_GSM2158276
SmartSeq2	alpha	ND	GSM2158277	alpha_ND_GSM2158277
SmartSeq2	alpha	ND	GSM2158278	alpha_ND_GSM2158278
SmartSeq2	alpha	ND	GSM2158279	alpha_ND_GSM2158279
SmartSeq2	alpha	ND	GSM2158280	alpha_ND_GSM2158280
SmartSeq2	alpha	ND	GSM2158281	alpha_ND_GSM2158281
SmartSeq2	alpha	ND	GSM2158282	alpha_ND_GSM2158282
SmartSeq2	alpha	ND	GSM2158283	alpha_ND_GSM2158283
SmartSeq2	alpha	ND	GSM2158284	alpha_ND_GSM2158284
SmartSeq2	alpha	ND	GSM2158285	alpha_ND_GSM2158285
SmartSeq2	alpha	ND	GSM2158286	alpha_ND_GSM2158286
SmartSeq2	alpha	ND	GSM2158287	alpha_ND_GSM2158287
SmartSeq2	alpha	ND	GSM2158288	alpha_ND_GSM2158288
SmartSeq2	alpha	ND	GSM2158289	alpha_ND_GSM2158289
SmartSeq2	alpha	ND	GSM2158290	alpha_ND_GSM2158290
SmartSeq2	alpha	ND	GSM2158291	alpha_ND_GSM2158291
SmartSeq2	alpha	ND	GSM2158292	alpha_ND_GSM2158292
SmartSeq2	alpha	ND	GSM2158293	alpha_ND_GSM2158293
SmartSeq2	alpha	ND	GSM2158294	alpha_ND_GSM2158294
SmartSeq2	alpha	ND	GSM2158295	alpha_ND_GSM2158295
SmartSeq2	alpha	ND	GSM2158296	alpha_ND_GSM2158296
SmartSeq2	alpha	ND	GSM2158297	alpha_ND_GSM2158297
SmartSeq2	alpha	ND	GSM2158298	alpha_ND_GSM2158298
SmartSeq2	alpha	ND	GSM2158299	alpha_ND_GSM2158299
SmartSeq2	alpha	ND	GSM2158300	alpha_ND_GSM2158300
SmartSeq2	alpha	ND	GSM2158301	alpha_ND_GSM2158301
SmartSeq2	alpha	ND	GSM2158302	alpha_ND_GSM2158302
SmartSeq2	alpha	ND	GSM2158303	alpha_ND_GSM2158303
SmartSeq2	alpha	ND	GSM2158304	alpha_ND_GSM2158304
SmartSeq2	alpha	ND	GSM2158305	alpha_ND_GSM2158305
SmartSeq2	alpha	ND	GSM2158306	alpha_ND_GSM2158306
SmartSeq2	alpha	ND	GSM2158307	alpha_ND_GSM2158307
SmartSeq2	alpha	ND	GSM2158308	alpha_ND_GSM2158308
SmartSeq2	alpha	ND	GSM2158309	alpha_ND_GSM2158309
SmartSeq2	alpha	ND	GSM2158310	alpha_ND_GSM2158310
SmartSeq2	alpha	ND	GSM2158311	alpha_ND_GSM2158311
SmartSeq2	alpha	ND	GSM2158312	alpha_ND_GSM2158312
SmartSeq2	alpha	ND	GSM2158313	alpha_ND_GSM2158313
SmartSeq2	alpha	ND	GSM2158314	alpha_ND_GSM2158314
SmartSeq2	alpha	ND	GSM2158315	alpha_ND_GSM2158315
SmartSeq2	alpha	ND	GSM2158316	alpha_ND_GSM2158316
SmartSeq2	alpha	ND	GSM2158317	alpha_ND_GSM2158317
SmartSeq2	alpha	ND	GSM2158318	alpha_ND_GSM2158318
SmartSeq2	alpha	ND	GSM2158319	alpha_ND_GSM2158319
SmartSeq2	alpha	ND	GSM2158320	alpha_ND_GSM2158320
SmartSeq2	alpha	ND	GSM2158321	alpha_ND_GSM2158321
SmartSeq2	alpha	ND	GSM2158322	alpha_ND_GSM2158322
SmartSeq2	alpha	ND	GSM2158323	alpha_ND_GSM2158323
SmartSeq2	alpha	ND	GSM2158324	alpha_ND_GSM2158324
SmartSeq2	alpha	ND	GSM2158325	alpha_ND_GSM2158325
SmartSeq2	alpha	ND	GSM2158326	alpha_ND_GSM2158326
SmartSeq2	alpha	ND	GSM2158327	alpha_ND_GSM2158327
SmartSeq2	alpha	ND	GSM2158328	alpha_ND_GSM2158328
SmartSeq2	alpha	ND	GSM2158329	alpha_ND_GSM2158329
SmartSeq2	alpha	ND	GSM2158330	alpha_ND_GSM2158330
SmartSeq2	alpha	ND	GSM2158331	alpha_ND_GSM2158331
SmartSeq2	alpha	ND	GSM2158332	alpha_ND_GSM2158332
SmartSeq2	alpha	ND	GSM2158333	alpha_ND_GSM2158333
SmartSeq2	alpha	ND	GSM2158334	alpha_ND_GSM2158334
SmartSeq2	alpha	ND	GSM2158335	alpha_ND_GSM2158335
SmartSeq2	alpha	ND	GSM2158336	alpha_ND_GSM2158336
SmartSeq2	alpha	ND	GSM2158337	alpha_ND_GSM2158337
SmartSeq2	alpha	ND	GSM2158338	alpha_ND_GSM2158338
SmartSeq2	alpha	ND	GSM2158339	alpha_ND_GSM2158339
SmartSeq2	alpha	ND	GSM2158340	alpha_ND_GSM2158340
SmartSeq2	alpha	ND	GSM2158341	alpha_ND_GSM2158341
SmartSeq2	alpha	ND	GSM2158342	alpha_ND_GSM2158342
SmartSeq2	alpha	ND	GSM2158343	alpha_ND_GSM2158343
SmartSeq2	alpha	ND	GSM2158344	alpha_ND_GSM2158344
SmartSeq2	alpha	ND	GSM2158345	alpha_ND_GSM2158345
SmartSeq2	alpha	ND	GSM2158346	alpha_ND_GSM2158346
SmartSeq2	alpha	ND	GSM2158347	alpha_ND_GSM2158347
SmartSeq2	alpha	ND	GSM2158348	alpha_ND_GSM2158348
SmartSeq2	alpha	ND	GSM2158349	alpha_ND_GSM2158349
SmartSeq2	alpha	ND	GSM2158350	alpha_ND_GSM2158350
SmartSeq2	alpha	ND	GSM2158351	alpha_ND_GSM2158351
SmartSeq2	alpha	ND	GSM2158352	alpha_ND_GSM2158352
SmartSeq2	alpha	ND	GSM2158353	alpha_ND_GSM2158353
SmartSeq2	alpha	ND	GSM2158354	alpha_ND_GSM2158354
SmartSeq2	alpha	ND	GSM2158355	alpha_ND_GSM2158355
SmartSeq2	alpha	ND	GSM2158356	alpha_ND_GSM2158356
SmartSeq2	alpha	ND	GSM2158357	alpha_ND_GSM2158357
SmartSeq2	alpha	ND	GSM2158358	alpha_ND_GSM2158358
SmartSeq2	alpha	ND	GSM2158359	alpha_ND_GSM2158359
SmartSeq2	alpha	ND	GSM2158360	alpha_ND_GSM2158360
SmartSeq2	alpha	ND	GSM2158361	alpha_ND_GSM2158361
SmartSeq2	alpha	ND	GSM2158362	alpha_ND_GSM2158362
SmartSeq2	alpha	ND	GSM2158363	alpha_ND_GSM2158363
SmartSeq2	alpha	ND	GSM2158364	alpha_ND_GSM2158364
SmartSeq2	alpha	ND	GSM2158365	alpha_ND_GSM2158365
SmartSeq2	alpha	ND	GSM2158366	alpha_ND_GSM2158366
SmartSeq2	alpha	ND	GSM2158367	alpha_ND_GSM2158367
SmartSeq2	alpha	ND	GSM2158368	alpha_ND_GSM2158368
SmartSeq2	alpha	ND	GSM2158369	alpha_ND_GSM2158369
SmartSeq2	alpha	ND	GSM2158370	alpha_ND_GSM2158370
SmartSeq2	alpha	ND	GSM2158371	alpha_ND_GSM2158371
SmartSeq2	alpha	ND	GSM2158372	alpha_ND_GSM2158372
SmartSeq2	alpha	ND	GSM2158373	alpha_ND_GSM2158373
SmartSeq2	alpha	ND	GSM2158374	alpha_ND_GSM2158374
SmartSeq2	alpha	ND	GSM2158375	alpha_ND_GSM2158375
SmartSeq2	alpha	ND	GSM2158376	alpha_ND_GSM2158376
SmartSeq2	alpha	ND	GSM2158377	alpha_ND_GSM2158377
SmartSeq2	alpha	ND	GSM2158378	alpha_ND_GSM2158378
SmartSeq2	alpha	ND	GSM2158379	alpha_ND_GSM2158379
SmartSeq2	alpha	ND	GSM2158380	alpha_ND_GSM2158380
SmartSeq2	alpha	ND	GSM2158381	alpha_ND_GSM2158381
SmartSeq2	alpha	ND	GSM2158382	alpha_ND_GSM2158382
SmartSeq2	alpha	ND	GSM2158383	alpha_ND_GSM2158383
SmartSeq2	alpha	ND	GSM2158384	alpha_ND_GSM2158384
SmartSeq2	alpha	ND	GSM2158385	alpha_ND_GSM2158385
SmartSeq2	alpha	ND	GSM2158386	alpha_ND_GSM2158386
SmartSeq2	alpha	ND	GSM2158387	alpha_ND_GSM2158387
SmartSeq2	alpha	ND	GSM2158388	alpha_ND_GSM2158388
SmartSeq2	alpha	ND	GSM2158389	alpha_ND_GSM2158389
SmartSeq2	alpha	ND	GSM2158390	alpha_ND_GSM2158390
SmartSeq2	alpha	ND	GSM2158391	alpha_ND_GSM2158391
SmartSeq2	alpha	ND	GSM2158392	alpha_ND_GSM2158392
SmartSeq2	alpha	ND	GSM2158393	alpha_ND_GSM2158393
SmartSeq2	alpha	ND	GSM2158394	alpha_ND_GSM2158394
SmartSeq2	alpha	ND	GSM2158395	alpha_ND_GSM2158395
SmartSeq2	alpha	ND	GSM2158396	alpha_ND_GSM2158396
SmartSeq2	alpha	ND	GSM2158397	alpha_ND_GSM2158397
SmartSeq2	alpha	ND	GSM2158398	alpha_ND_GSM2158398
SmartSeq2	alpha	ND	GSM2158399	alpha_ND_GSM2158399
SmartSeq2	alpha	ND	GSM2158400	alpha_ND_GSM2158400
SmartSeq2	alpha	ND	GSM2158401	alpha_ND_GSM2158401
SmartSeq2	alpha	ND	GSM2158402	alpha_ND_GSM2158402
SmartSeq2	alpha	ND	GSM2158403	alpha_ND_GSM2158403
SmartSeq2	alpha	ND	GSM2158404	alpha_ND_GSM2158404
SmartSeq2	alpha	ND	GSM2158405	alpha_ND_GSM2158405
SmartSeq2	alpha	ND	GSM2158406	alpha_ND_GSM2158406
SmartSeq2	alpha	ND	GSM2158407	alpha_ND_GSM2158407
SmartSeq2	alpha	ND	GSM2158408	alpha_ND_GSM2158408
SmartSeq2	alpha	ND	GSM2158409	alpha_ND_GSM2158409
SmartSeq2	alpha	ND	GSM2158410	alpha_ND_GSM2158410
SmartSeq2	alpha	ND	GSM2158411	alpha_ND_GSM2158411
SmartSeq2	alpha	ND	GSM2158412	alpha_ND_GSM2158412
SmartSeq2	alpha	ND	GSM2158413	alpha_ND_GSM2158413
SmartSeq2	alpha	ND	GSM2158414	alpha_ND_GSM2158414
SmartSeq2	alpha	ND	GSM2158415	alpha_ND_GSM2158415
SmartSeq2	alpha	ND	GSM2158416	alpha_ND_GSM2158416
SmartSeq2	alpha	ND	GSM2158417	alpha_ND_GSM2158417
SmartSeq2	alpha	ND	GSM2158418	alpha_ND_GSM2158418
SmartSeq2	alpha	ND	GSM2158419	alpha_ND_GSM2158419
SmartSeq2	alpha	ND	GSM2158420	alpha_ND_GSM2158420
SmartSeq2	alpha	ND	GSM2158421	alpha_ND_GSM2158421
SmartSeq2	alpha	ND	GSM2158422	alpha_ND_GSM2158422
SmartSeq2	alpha	ND	GSM2158423	alpha_ND_GSM2158423
SmartSeq2	alpha	ND	GSM2158424	alpha_ND_GSM2158424
SmartSeq2	alpha	ND	GSM2158425	alpha_ND_GSM2158425
SmartSeq2	alpha	ND	GSM2158426	alpha_ND_GSM2158426
SmartSeq2	alpha	ND	GSM2158427	alpha_ND_GSM2158427
SmartSeq2	alpha	ND	GSM2158428	alpha_ND_GSM2158428
SmartSeq2	alpha	ND	GSM2158429	alpha_ND_GSM2158429
SmartSeq2	alpha	ND	GSM2158430	alpha_ND_GSM2158430
SmartSeq2	alpha	ND	GSM2158431	alpha_ND_GSM2158431
SmartSeq2	alpha	ND	GSM2158432	alpha_ND_GSM2158432
SmartSeq2	alpha	ND	GSM2158433	alpha_ND_GSM2158433
SmartSeq2	alpha	ND	GSM2158434	alpha_ND_GSM2158434
SmartSeq2	alpha	ND	GSM2158435	alpha_ND_GSM2158435
SmartSeq2	alpha	ND	GSM2158436	alpha_ND_GSM2158436
SmartSeq2	alpha	ND	GSM2158437	alpha_ND_GSM2158437
SmartSeq2	alpha	ND	GSM2158438	alpha_ND_GSM2158438
SmartSeq2	alpha	ND	GSM2158439	alpha_ND_GSM2158439
SmartSeq2	alpha	ND	GSM2158440	alpha_ND_GSM2158440
SmartSeq2	alpha	ND	GSM2158441	alpha_ND_GSM2158441
SmartSeq2	alpha	ND	GSM2158442	alpha_ND_GSM2158442
SmartSeq2	alpha	ND	GSM2158443	alpha_ND_GSM2158443
SmartSeq2	alpha	ND	GSM2158444	alpha_ND_GSM2158444
SmartSeq2	alpha	ND	GSM2158445	alpha_ND_GSM2158445
SmartSeq2	alpha	ND	GSM2158446	alpha_ND_GSM2158446
SmartSeq2	alpha	ND	GSM2158447	alpha_ND_GSM2158447
SmartSeq2	alpha	ND	GSM2158448	alpha_ND_GSM2158448
SmartSeq2	alpha	ND	GSM2158449	alpha_ND_GSM2158449
SmartSeq2	alpha	ND	GSM2158450	alpha_ND_GSM2158450
SmartSeq2	alpha	ND	GSM2158451	alpha_ND_GSM2158451
SmartSeq2	alpha	ND	GSM2158452	alpha_ND_GSM2158452
SmartSeq2	alpha	ND	GSM2158453	alpha_ND_GSM2158453
SmartSeq2	alpha	ND	GSM2158454	alpha_ND_GSM2158454
SmartSeq2	alpha	ND	GSM2158455	alpha_ND_GSM2158455
SmartSeq2	alpha	ND	GSM2158456	alpha_ND_GSM2158456
SmartSeq2	alpha	ND	GSM2158457	alpha_ND_GSM2158457
SmartSeq2	alpha	ND	GSM2158458	alpha_ND_GSM2158458
SmartSeq2	alpha	ND	GSM2158459	alpha_ND_GSM2158459
SmartSeq2	alpha	ND	GSM2158460	alpha_ND_GSM2158460
SmartSeq2	alpha	ND	GSM2158461	alpha_ND_GSM2158461
SmartSeq2	alpha	ND	GSM2158462	alpha_ND_GSM2158462
SmartSeq2	alpha	ND	GSM2158463	alpha_ND_GSM2158463
SmartSeq2	alpha	ND	GSM2158464	alpha_ND_GSM2158464
SmartSeq2	alpha	ND	GSM2158465	alpha_ND_GSM2158465
SmartSeq2	alpha	ND	GSM2158466	alpha_ND_GSM2158466
SmartSeq2	alpha	ND	GSM2158467	alpha_ND_GSM2158467
SmartSeq2	alpha	ND	GSM2158468	alpha_ND_GSM2158468
SmartSeq2	alpha	ND	GSM2158469	alpha_ND_GSM2158469
SmartSeq2	alpha	ND	GSM2158470	alpha_ND_GSM2158470
SmartSeq2	alpha	ND	GSM2158471	alpha_ND_GSM2158471
SmartSeq2	alpha	ND	GSM2158472	alpha_ND_GSM2158472
SmartSeq2	alpha	ND	GSM2158473	alpha_ND_GSM2158473
SmartSeq2	alpha	ND	GSM2158474	alpha_ND_GSM2158474
SmartSeq2	alpha	ND	GSM2158475	alpha_ND_GSM2158475
SmartSeq2	alpha	ND	GSM2158476	alpha_ND_GSM2158476
SmartSeq2	alpha	ND	GSM2158477	alpha_ND_GSM2158477
SmartSeq2	alpha	ND	GSM2158478	alpha_ND_GSM2158478
SmartSeq2	alpha	ND	GSM2158479	alpha_ND_GSM2158479
SmartSeq2	alpha	ND	GSM2158480	alpha_ND_GSM2158480
SmartSeq2	alpha	ND	GSM2158481	alpha_ND_GSM2158481
SmartSeq2	alpha	ND	GSM2158482	alpha_ND_GSM2158482
SmartSeq2	alpha	T2D	GSM2158849	alpha_T2D_GSM2158849
SmartSeq2	alpha	T2D	GSM2158850	alpha_T2D_GSM2158850
SmartSeq2	alpha	T2D	GSM2158852	alpha_T2D_GSM2158852
SmartSeq2	alpha	T2D	GSM2158853	alpha_T2D_GSM2158853
SmartSeq2	alpha	T2D	GSM2158855	alpha_T2D_GSM2158855
SmartSeq2	alpha	T2D	GSM2158856	alpha_T2D_GSM2158856
SmartSeq2	alpha	T2D	GSM2158858	alpha_T2D_GSM2158858
SmartSeq2	alpha	T2D	GSM2158859	alpha_T2D_GSM2158859
SmartSeq2	alpha	T2D	GSM2158861	alpha_T2D_GSM2158861
SmartSeq2	alpha	T2D	GSM2158862	alpha_T2D_GSM2158862
SmartSeq2	alpha	T2D	GSM2158863	alpha_T2D_GSM2158863
SmartSeq2	alpha	T2D	GSM2158865	alpha_T2D_GSM2158865
SmartSeq2	alpha	T2D	GSM2158866	alpha_T2D_GSM2158866
SmartSeq2	alpha	T2D	GSM2158868	alpha_T2D_GSM2158868
SmartSeq2	alpha	T2D	GSM2158869	alpha_T2D_GSM2158869
SmartSeq2	alpha	T2D	GSM2158871	alpha_T2D_GSM2158871
SmartSeq2	alpha	T2D	GSM2158872	alpha_T2D_GSM2158872
SmartSeq2	alpha	T2D	GSM2158874	alpha_T2D_GSM2158874
SmartSeq2	alpha	T2D	GSM2158875	alpha_T2D_GSM2158875
SmartSeq2	alpha	T2D	GSM2158877	alpha_T2D_GSM2158877
SmartSeq2	alpha	T2D	GSM2158878	alpha_T2D_GSM2158878
SmartSeq2	alpha	T2D	GSM2158879	alpha_T2D_GSM2158879
SmartSeq2	alpha	T2D	GSM2158881	alpha_T2D_GSM2158881
SmartSeq2	alpha	T2D	GSM2158882	alpha_T2D_GSM2158882
SmartSeq2	alpha	T2D	GSM2158884	alpha_T2D_GSM2158884
SmartSeq2	alpha	T2D	GSM2158885	alpha_T2D_GSM2158885
SmartSeq2	alpha	T2D	GSM2158887	alpha_T2D_GSM2158887
SmartSeq2	alpha	T2D	GSM2158888	alpha_T2D_GSM2158888
SmartSeq2	alpha	T2D	GSM2158889	alpha_T2D_GSM2158889
SmartSeq2	alpha	T2D	GSM2158891	alpha_T2D_GSM2158891
SmartSeq2	alpha	T2D	GSM2158892	alpha_T2D_GSM2158892
SmartSeq2	alpha	T2D	GSM2158894	alpha_T2D_GSM2158894
SmartSeq2	alpha	T2D	GSM2158895	alpha_T2D_GSM2158895
SmartSeq2	alpha	T2D	GSM2158896	alpha_T2D_GSM2158896
SmartSeq2	alpha	T2D	GSM2158898	alpha_T2D_GSM2158898
SmartSeq2	alpha	T2D	GSM2158899	alpha_T2D_GSM2158899
SmartSeq2	alpha	T2D	GSM2158901	alpha_T2D_GSM2158901
SmartSeq2	alpha	T2D	GSM2158902	alpha_T2D_GSM2158902
SmartSeq2	alpha	T2D	GSM2158904	alpha_T2D_GSM2158904
SmartSeq2	alpha	T2D	GSM2158906	alpha_T2D_GSM2158906
SmartSeq2	alpha	T2D	GSM2158907	alpha_T2D_GSM2158907
SmartSeq2	alpha	T2D	GSM2158908	alpha_T2D_GSM2158908
SmartSeq2	alpha	T2D	GSM2158910	alpha_T2D_GSM2158910
SmartSeq2	alpha	T2D	GSM2158911	alpha_T2D_GSM2158911
SmartSeq2	alpha	T2D	GSM2158913	alpha_T2D_GSM2158913
SmartSeq2	alpha	T2D	GSM2158914	alpha_T2D_GSM2158914
SmartSeq2	alpha	T2D	GSM2158916	alpha_T2D_GSM2158916
SmartSeq2	alpha	T2D	GSM2158917	alpha_T2D_GSM2158917
SmartSeq2	alpha	T2D	GSM2158919	alpha_T2D_GSM2158919
SmartSeq2	alpha	T2D	GSM2158920	alpha_T2D_GSM2158920
SmartSeq2	alpha	T2D	GSM2158922	alpha_T2D_GSM2158922
SmartSeq2	alpha	T2D	GSM2158923	alpha_T2D_GSM2158923
SmartSeq2	alpha	T2D	GSM2158925	alpha_T2D_GSM2158925
SmartSeq2	alpha	T2D	GSM2158926	alpha_T2D_GSM2158926
SmartSeq2	alpha	T2D	GSM2158928	alpha_T2D_GSM2158928
SmartSeq2	alpha	T2D	GSM2158929	alpha_T2D_GSM2158929
SmartSeq2	alpha	T2D	GSM2158931	alpha_T2D_GSM2158931
SmartSeq2	alpha	T2D	GSM2158932	alpha_T2D_GSM2158932
SmartSeq2	alpha	T2D	GSM2158934	alpha_T2D_GSM2158934
SmartSeq2	alpha	T2D	GSM2158935	alpha_T2D_GSM2158935
SmartSeq2	alpha	T2D	GSM2158936	alpha_T2D_GSM2158936
SmartSeq2	alpha	T2D	GSM2158937	alpha_T2D_GSM2158937
SmartSeq2	alpha	T2D	GSM2158938	alpha_T2D_GSM2158938
SmartSeq2	alpha	T2D	GSM2158939	alpha_T2D_GSM2158939
SmartSeq2	alpha	T2D	GSM2158940	alpha_T2D_GSM2158940
SmartSeq2	alpha	T2D	GSM2158941	alpha_T2D_GSM2158941
SmartSeq2	alpha	T2D	GSM2158942	alpha_T2D_GSM2158942
SmartSeq2	alpha	T2D	GSM2158943	alpha_T2D_GSM2158943
SmartSeq2	alpha	T2D	GSM2158944	alpha_T2D_GSM2158944
SmartSeq2	alpha	T2D	GSM2158945	alpha_T2D_GSM2158945
SmartSeq2	alpha	T2D	GSM2158946	alpha_T2D_GSM2158946
SmartSeq2	alpha	T2D	GSM2158947	alpha_T2D_GSM2158947
SmartSeq2	alpha	T2D	GSM2158948	alpha_T2D_GSM2158948
SmartSeq2	alpha	T2D	GSM2158949	alpha_T2D_GSM2158949
SmartSeq2	alpha	T2D	GSM2158950	alpha_T2D_GSM2158950
SmartSeq2	alpha	T2D	GSM2158951	alpha_T2D_GSM2158951
SmartSeq2	alpha	T2D	GSM2158952	alpha_T2D_GSM2158952
SmartSeq2	alpha	T2D	GSM2158953	alpha_T2D_GSM2158953
SmartSeq2	alpha	T2D	GSM2158954	alpha_T2D_GSM2158954
SmartSeq2	alpha	T2D	GSM2158955	alpha_T2D_GSM2158955
SmartSeq2	alpha	T2D	GSM2158956	alpha_T2D_GSM2158956
SmartSeq2	alpha	T2D	GSM2158957	alpha_T2D_GSM2158957
SmartSeq2	alpha	T2D	GSM2158958	alpha_T2D_GSM2158958
SmartSeq2	alpha	T2D	GSM2158959	alpha_T2D_GSM2158959
SmartSeq2	alpha	T2D	GSM2158960	alpha_T2D_GSM2158960
SmartSeq2	alpha	T2D	GSM2158961	alpha_T2D_GSM2158961
SmartSeq2	alpha	T2D	GSM2158962	alpha_T2D_GSM2158962
SmartSeq2	alpha	T2D	GSM2158963	alpha_T2D_GSM2158963
SmartSeq2	alpha	T2D	GSM2158964	alpha_T2D_GSM2158964
SmartSeq2	alpha	T2D	GSM2158965	alpha_T2D_GSM2158965
SmartSeq2	alpha	T2D	GSM2158966	alpha_T2D_GSM2158966
SmartSeq2	alpha	T2D	GSM2158967	alpha_T2D_GSM2158967
SmartSeq2	alpha	T2D	GSM2158968	alpha_T2D_GSM2158968
SmartSeq2	alpha	T2D	GSM2158969	alpha_T2D_GSM2158969
SmartSeq2	alpha	T2D	GSM2158970	alpha_T2D_GSM2158970
SmartSeq2	alpha	T2D	GSM2158971	alpha_T2D_GSM2158971
SmartSeq2	alpha	T2D	GSM2158972	alpha_T2D_GSM2158972
SmartSeq2	alpha	T2D	GSM2158973	alpha_T2D_GSM2158973
SmartSeq2	alpha	T2D	GSM2158974	alpha_T2D_GSM2158974
SmartSeq2	alpha	T2D	GSM2158975	alpha_T2D_GSM2158975
SmartSeq2	alpha	T2D	GSM2158976	alpha_T2D_GSM2158976
SmartSeq2	alpha	T2D	GSM2158977	alpha_T2D_GSM2158977
SmartSeq2	alpha	T2D	GSM2158978	alpha_T2D_GSM2158978
SmartSeq2	alpha	T2D	GSM2158979	alpha_T2D_GSM2158979
SmartSeq2	alpha	T2D	GSM2158980	alpha_T2D_GSM2158980
SmartSeq2	alpha	T2D	GSM2158981	alpha_T2D_GSM2158981
SmartSeq2	alpha	T2D	GSM2158982	alpha_T2D_GSM2158982
SmartSeq2	alpha	T2D	GSM2158983	alpha_T2D_GSM2158983
SmartSeq2	alpha	T2D	GSM2158984	alpha_T2D_GSM2158984
SmartSeq2	alpha	T2D	GSM2158985	alpha_T2D_GSM2158985
SmartSeq2	alpha	T2D	GSM2158986	alpha_T2D_GSM2158986
SmartSeq2	alpha	T2D	GSM2158987	alpha_T2D_GSM2158987
SmartSeq2	alpha	T2D	GSM2158988	alpha_T2D_GSM2158988
SmartSeq2	alpha	T2D	GSM2158989	alpha_T2D_GSM2158989
SmartSeq2	alpha	T2D	GSM2158990	alpha_T2D_GSM2158990
SmartSeq2	alpha	T2D	GSM2158991	alpha_T2D_GSM2158991
SmartSeq2	alpha	T2D	GSM2158992	alpha_T2D_GSM2158992
SmartSeq2	alpha	T2D	GSM2158993	alpha_T2D_GSM2158993
SmartSeq2	alpha	T2D	GSM2158994	alpha_T2D_GSM2158994
SmartSeq2	alpha	T2D	GSM2158995	alpha_T2D_GSM2158995
SmartSeq2	alpha	T2D	GSM2158996	alpha_T2D_GSM2158996
SmartSeq2	alpha	T2D	GSM2158997	alpha_T2D_GSM2158997
SmartSeq2	alpha	T2D	GSM2158998	alpha_T2D_GSM2158998
SmartSeq2	alpha	T2D	GSM2158999	alpha_T2D_GSM2158999
SmartSeq2	alpha	T2D	GSM2159000	alpha_T2D_GSM2159000
SmartSeq2	alpha	T2D	GSM2159001	alpha_T2D_GSM2159001
SmartSeq2	alpha	T2D	GSM2159002	alpha_T2D_GSM2159002
SmartSeq2	alpha	T2D	GSM2159003	alpha_T2D_GSM2159003
SmartSeq2	alpha	T2D	GSM2159004	alpha_T2D_GSM2159004
SmartSeq2	alpha	T2D	GSM2159005	alpha_T2D_GSM2159005
SmartSeq2	alpha	T2D	GSM2159006	alpha_T2D_GSM2159006
SmartSeq2	alpha	T2D	GSM2159007	alpha_T2D_GSM2159007
SmartSeq2	alpha	T2D	GSM2159008	alpha_T2D_GSM2159008
SmartSeq2	alpha	T2D	GSM2159009	alpha_T2D_GSM2159009
SmartSeq2	alpha	T2D	GSM2159010	alpha_T2D_GSM2159010
SmartSeq2	alpha	T2D	GSM2159011	alpha_T2D_GSM2159011
SmartSeq2	alpha	T2D	GSM2159012	alpha_T2D_GSM2159012
SmartSeq2	alpha	T2D	GSM2159013	alpha_T2D_GSM2159013
SmartSeq2	alpha	T2D	GSM2159014	alpha_T2D_GSM2159014
SmartSeq2	alpha	T2D	GSM2159015	alpha_T2D_GSM2159015
SmartSeq2	alpha	T2D	GSM2159016	alpha_T2D_GSM2159016
SmartSeq2	alpha	T2D	GSM2159017	alpha_T2D_GSM2159017
SmartSeq2	alpha	T2D	GSM2159018	alpha_T2D_GSM2159018
SmartSeq2	alpha	T2D	GSM2159019	alpha_T2D_GSM2159019
SmartSeq2	alpha	T2D	GSM2159020	alpha_T2D_GSM2159020
SmartSeq2	alpha	T2D	GSM2159021	alpha_T2D_GSM2159021
SmartSeq2	alpha	T2D	GSM2159022	alpha_T2D_GSM2159022
SmartSeq2	alpha	T2D	GSM2159023	alpha_T2D_GSM2159023
SmartSeq2	alpha	T2D	GSM2159024	alpha_T2D_GSM2159024
SmartSeq2	alpha	T2D	GSM2159025	alpha_T2D_GSM2159025
SmartSeq2	alpha	T2D	GSM2159026	alpha_T2D_GSM2159026
SmartSeq2	alpha	T2D	GSM2159027	alpha_T2D_GSM2159027
SmartSeq2	alpha	T2D	GSM2159028	alpha_T2D_GSM2159028
SmartSeq2	alpha	T2D	GSM2159029	alpha_T2D_GSM2159029
SmartSeq2	alpha	T2D	GSM2159030	alpha_T2D_GSM2159030
SmartSeq2	alpha	T2D	GSM2159031	alpha_T2D_GSM2159031
SmartSeq2	alpha	T2D	GSM2159032	alpha_T2D_GSM2159032
SmartSeq2	alpha	T2D	GSM2159033	alpha_T2D_GSM2159033
SmartSeq2	alpha	T2D	GSM2159034	alpha_T2D_GSM2159034
SmartSeq2	alpha	T2D	GSM2159035	alpha_T2D_GSM2159035
SmartSeq2	alpha	T2D	GSM2159036	alpha_T2D_GSM2159036
SmartSeq2	alpha	T2D	GSM2159037	alpha_T2D_GSM2159037
SmartSeq2	alpha	T2D	GSM2159038	alpha_T2D_GSM2159038
SmartSeq2	alpha	T2D	GSM2159039	alpha_T2D_GSM2159039
SmartSeq2	alpha	T2D	GSM2159040	alpha_T2D_GSM2159040
SmartSeq2	alpha	T2D	GSM2159041	alpha_T2D_GSM2159041
SmartSeq2	alpha	T2D	GSM2159042	alpha_T2D_GSM2159042
SmartSeq2	alpha	T2D	GSM2159043	alpha_T2D_GSM2159043
SmartSeq2	alpha	T2D	GSM2159044	alpha_T2D_GSM2159044
SmartSeq2	alpha	T2D	GSM2159045	alpha_T2D_GSM2159045
SmartSeq2	alpha	T2D	GSM2159046	alpha_T2D_GSM2159046
SmartSeq2	alpha	T2D	GSM2159047	alpha_T2D_GSM2159047
SmartSeq2	alpha	T2D	GSM2159048	alpha_T2D_GSM2159048
SmartSeq2	alpha	T2D	GSM2159049	alpha_T2D_GSM2159049
SmartSeq2	alpha	T2D	GSM2159050	alpha_T2D_GSM2159050
SmartSeq2	alpha	T2D	GSM2159051	alpha_T2D_GSM2159051
SmartSeq2	alpha	T2D	GSM2159052	alpha_T2D_GSM2159052
SmartSeq2	alpha	T2D	GSM2159053	alpha_T2D_GSM2159053
SmartSeq2	alpha	T2D	GSM2159054	alpha_T2D_GSM2159054
SmartSeq2	alpha	T2D	GSM2159055	alpha_T2D_GSM2159055
SmartSeq2	alpha	T2D	GSM2159056	alpha_T2D_GSM2159056
SmartSeq2	alpha	T2D	GSM2159057	alpha_T2D_GSM2159057
SmartSeq2	alpha	T2D	GSM2159058	alpha_T2D_GSM2159058
SmartSeq2	alpha	T2D	GSM2159059	alpha_T2D_GSM2159059
SmartSeq2	alpha	T2D	GSM2159060	alpha_T2D_GSM2159060
SmartSeq2	alpha	T2D	GSM2159061	alpha_T2D_GSM2159061
SmartSeq2	alpha	T2D	GSM2159062	alpha_T2D_GSM2159062
SmartSeq2	alpha	T2D	GSM2159063	alpha_T2D_GSM2159063
SmartSeq2	alpha	T2D	GSM2159064	alpha_T2D_GSM2159064
SmartSeq2	alpha	T2D	GSM2159065	alpha_T2D_GSM2159065
SmartSeq2	alpha	T2D	GSM2159066	alpha_T2D_GSM2159066
SmartSeq2	alpha	T2D	GSM2159067	alpha_T2D_GSM2159067
SmartSeq2	alpha	T2D	GSM2159068	alpha_T2D_GSM2159068
SmartSeq2	alpha	T2D	GSM2159069	alpha_T2D_GSM2159069
SmartSeq2	alpha	T2D	GSM2159070	alpha_T2D_GSM2159070
SmartSeq2	alpha	T2D	GSM2159071	alpha_T2D_GSM2159071
SmartSeq2	alpha	T2D	GSM2159072	alpha_T2D_GSM2159072
SmartSeq2	alpha	T2D	GSM2159073	alpha_T2D_GSM2159073
SmartSeq2	alpha	T2D	GSM2159074	alpha_T2D_GSM2159074
SmartSeq2	alpha	T2D	GSM2159075	alpha_T2D_GSM2159075
SmartSeq2	alpha	T2D	GSM2159076	alpha_T2D_GSM2159076
SmartSeq2	alpha	T2D	GSM2159077	alpha_T2D_GSM2159077
SmartSeq2	alpha	T2D	GSM2159078	alpha_T2D_GSM2159078
SmartSeq2	alpha	T2D	GSM2159079	alpha_T2D_GSM2159079
SmartSeq2	alpha	T2D	GSM2159080	alpha_T2D_GSM2159080
SmartSeq2	alpha	T2D	GSM2159081	alpha_T2D_GSM2159081
SmartSeq2	alpha	T2D	GSM2159082	alpha_T2D_GSM2159082
SmartSeq2	alpha	T2D	GSM2159083	alpha_T2D_GSM2159083
SmartSeq2	alpha	T2D	GSM2159084	alpha_T2D_GSM2159084
SmartSeq2	alpha	T2D	GSM2159085	alpha_T2D_GSM2159085
SmartSeq2	alpha	T2D	GSM2159086	alpha_T2D_GSM2159086
SmartSeq2	alpha	T2D	GSM2159087	alpha_T2D_GSM2159087
SmartSeq2	alpha	T2D	GSM2159088	alpha_T2D_GSM2159088
SmartSeq2	alpha	T2D	GSM2159089	alpha_T2D_GSM2159089
SmartSeq2	alpha	T2D	GSM2159090	alpha_T2D_GSM2159090
SmartSeq2	alpha	T2D	GSM2159091	alpha_T2D_GSM2159091
SmartSeq2	alpha	T2D	GSM2159092	alpha_T2D_GSM2159092
SmartSeq2	alpha	T2D	GSM2159093	alpha_T2D_GSM2159093
SmartSeq2	alpha	T2D	GSM2159094	alpha_T2D_GSM2159094
SmartSeq2	alpha	T2D	GSM2159095	alpha_T2D_GSM2159095
SmartSeq2	alpha	T2D	GSM2159096	alpha_T2D_GSM2159096
SmartSeq2	alpha	T2D	GSM2159097	alpha_T2D_GSM2159097
SmartSeq2	alpha	T2D	GSM2159098	alpha_T2D_GSM2159098
SmartSeq2	alpha	T2D	GSM2159099	alpha_T2D_GSM2159099
SmartSeq2	alpha	T2D	GSM2159100	alpha_T2D_GSM2159100
SmartSeq2	alpha	T2D	GSM2159101	alpha_T2D_GSM2159101
SmartSeq2	alpha	T2D	GSM2159102	alpha_T2D_GSM2159102
SmartSeq2	alpha	T2D	GSM2159103	alpha_T2D_GSM2159103
SmartSeq2	alpha	T2D	GSM2159104	alpha_T2D_GSM2159104
SmartSeq2	alpha	T2D	GSM2159105	alpha_T2D_GSM2159105
SmartSeq2	alpha	T2D	GSM2159106	alpha_T2D_GSM2159106
SmartSeq2	alpha	T2D	GSM2159107	alpha_T2D_GSM2159107
SmartSeq2	alpha	T2D	GSM2159108	alpha_T2D_GSM2159108
SmartSeq2	alpha	T2D	GSM2159109	alpha_T2D_GSM2159109
SmartSeq2	alpha	T2D	GSM2159110	alpha_T2D_GSM2159110
SmartSeq2	alpha	T2D	GSM2159111	alpha_T2D_GSM2159111
SmartSeq2	alpha	T2D	GSM2159112	alpha_T2D_GSM2159112
SmartSeq2	alpha	T2D	GSM2159113	alpha_T2D_GSM2159113
SmartSeq2	alpha	T2D	GSM2159114	alpha_T2D_GSM2159114
SmartSeq2	alpha	T2D	GSM2159115	alpha_T2D_GSM2159115
SmartSeq2	alpha	T2D	GSM2159116	alpha_T2D_GSM2159116
SmartSeq2	alpha	T2D	GSM2159117	alpha_T2D_GSM2159117
SmartSeq2	alpha	T2D	GSM2159118	alpha_T2D_GSM2159118
SmartSeq2	alpha	T2D	GSM2159119	alpha_T2D_GSM2159119
SmartSeq2	alpha	T2D	GSM2159120	alpha_T2D_GSM2159120
SmartSeq2	alpha	T2D	GSM2159121	alpha_T2D_GSM2159121
SmartSeq2	alpha	T2D	GSM2159122	alpha_T2D_GSM2159122
SmartSeq2	alpha	T2D	GSM2159123	alpha_T2D_GSM2159123
SmartSeq2	alpha	T2D	GSM2159124	alpha_T2D_GSM2159124
SmartSeq2	alpha	T2D	GSM2159125	alpha_T2D_GSM2159125
SmartSeq2	alpha	T2D	GSM2159126	alpha_T2D_GSM2159126
SmartSeq2	alpha	T2D	GSM2159127	alpha_T2D_GSM2159127
SmartSeq2	alpha	T2D	GSM2159128	alpha_T2D_GSM2159128
SmartSeq2	alpha	T2D	GSM2159129	alpha_T2D_GSM2159129
SmartSeq2	alpha	T2D	GSM2159130	alpha_T2D_GSM2159130
SmartSeq2	alpha	T2D	GSM2159131	alpha_T2D_GSM2159131
SmartSeq2	alpha	T2D	GSM2159132	alpha_T2D_GSM2159132
SmartSeq2	alpha	T2D	GSM2159133	alpha_T2D_GSM2159133
SmartSeq2	alpha	T2D	GSM2159134	alpha_T2D_GSM2159134
SmartSeq2	alpha	T2D	GSM2159135	alpha_T2D_GSM2159135
SmartSeq2	alpha	T2D	GSM2159136	alpha_T2D_GSM2159136
SmartSeq2	alpha	T2D	GSM2159137	alpha_T2D_GSM2159137
SmartSeq2	alpha	T2D	GSM2159138	alpha_T2D_GSM2159138
SmartSeq2	alpha	T2D	GSM2159139	alpha_T2D_GSM2159139
SmartSeq2	alpha	T2D	GSM2159140	alpha_T2D_GSM2159140
SmartSeq2	alpha	T2D	GSM2159141	alpha_T2D_GSM2159141
SmartSeq2	alpha	T2D	GSM2159142	alpha_T2D_GSM2159142
SmartSeq2	alpha	T2D	GSM2159143	alpha_T2D_GSM2159143
SmartSeq2	alpha	T2D	GSM2159144	alpha_T2D_GSM2159144
SmartSeq2	alpha	T2D	GSM2159145	alpha_T2D_GSM2159145
SmartSeq2	alpha	T2D	GSM2159146	alpha_T2D_GSM2159146
SmartSeq2	alpha	T2D	GSM2159147	alpha_T2D_GSM2159147
SmartSeq2	alpha	T2D	GSM2159148	alpha_T2D_GSM2159148
SmartSeq2	alpha	T2D	GSM2159149	alpha_T2D_GSM2159149
SmartSeq2	alpha	T2D	GSM2159150	alpha_T2D_GSM2159150
SmartSeq2	alpha	T2D	GSM2159151	alpha_T2D_GSM2159151
SmartSeq2	alpha	T2D	GSM2159152	alpha_T2D_GSM2159152
SmartSeq2	alpha	T2D	GSM2159153	alpha_T2D_GSM2159153
SmartSeq2	alpha	T2D	GSM2159154	alpha_T2D_GSM2159154
SmartSeq2	alpha	T2D	GSM2159155	alpha_T2D_GSM2159155
SmartSeq2	alpha	T2D	GSM2159156	alpha_T2D_GSM2159156
SmartSeq2	alpha	T2D	GSM2159157	alpha_T2D_GSM2159157
SmartSeq2	alpha	T2D	GSM2159158	alpha_T2D_GSM2159158
SmartSeq2	alpha	T2D	GSM2159159	alpha_T2D_GSM2159159
SmartSeq2	alpha	T2D	GSM2159160	alpha_T2D_GSM2159160
SmartSeq2	alpha	T2D	GSM2159161	alpha_T2D_GSM2159161
SmartSeq2	alpha	T2D	GSM2159162	alpha_T2D_GSM2159162
SmartSeq2	alpha	T2D	GSM2159163	alpha_T2D_GSM2159163
SmartSeq2	alpha	T2D	GSM2159164	alpha_T2D_GSM2159164
SmartSeq2	alpha	T2D	GSM2159165	alpha_T2D_GSM2159165
SmartSeq2	alpha	T2D	GSM2159166	alpha_T2D_GSM2159166
SmartSeq2	alpha	T2D	GSM2159167	alpha_T2D_GSM2159167
SmartSeq2	alpha	T2D	GSM2159168	alpha_T2D_GSM2159168
SmartSeq2	alpha	T2D	GSM2159169	alpha_T2D_GSM2159169
SmartSeq2	alpha	T2D	GSM2159170	alpha_T2D_GSM2159170
SmartSeq2	alpha	T2D	GSM2159171	alpha_T2D_GSM2159171
SmartSeq2	alpha	T2D	GSM2159172	alpha_T2D_GSM2159172
SmartSeq2	alpha	T2D	GSM2159173	alpha_T2D_GSM2159173
SmartSeq2	alpha	T2D	GSM2159174	alpha_T2D_GSM2159174
SmartSeq2	alpha	T2D	GSM2159175	alpha_T2D_GSM2159175
SmartSeq2	alpha	T2D	GSM2159176	alpha_T2D_GSM2159176
SmartSeq2	alpha	T2D	GSM2159177	alpha_T2D_GSM2159177
SmartSeq2	alpha	T2D	GSM2159178	alpha_T2D_GSM2159178
SmartSeq2	alpha	T2D	GSM2159179	alpha_T2D_GSM2159179
SmartSeq2	alpha	T2D	GSM2159180	alpha_T2D_GSM2159180
SmartSeq2	alpha	T2D	GSM2159181	alpha_T2D_GSM2159181
SmartSeq2	alpha	T2D	GSM2159182	alpha_T2D_GSM2159182
SmartSeq2	alpha	T2D	GSM2159183	alpha_T2D_GSM2159183
SmartSeq2	alpha	T2D	GSM2159184	alpha_T2D_GSM2159184
SmartSeq2	alpha	T2D	GSM2159185	alpha_T2D_GSM2159185
SmartSeq2	alpha	T2D	GSM2159186	alpha_T2D_GSM2159186
SmartSeq2	alpha	T2D	GSM2159187	alpha_T2D_GSM2159187
SmartSeq2	alpha	T2D	GSM2159188	alpha_T2D_GSM2159188
SmartSeq2	alpha	T2D	GSM2159189	alpha_T2D_GSM2159189
SmartSeq2	alpha	T2D	GSM2159190	alpha_T2D_GSM2159190
SmartSeq2	alpha	T2D	GSM2159191	alpha_T2D_GSM2159191
SmartSeq2	alpha	T2D	GSM2159192	alpha_T2D_GSM2159192
SmartSeq2	alpha	T2D	GSM2159193	alpha_T2D_GSM2159193
SmartSeq2	alpha	T2D	GSM2159194	alpha_T2D_GSM2159194
SmartSeq2	alpha	T2D	GSM2159195	alpha_T2D_GSM2159195
SmartSeq2	alpha	T2D	GSM2159196	alpha_T2D_GSM2159196
SmartSeq2	alpha	T2D	GSM2159197	alpha_T2D_GSM2159197
SmartSeq2	alpha	T2D	GSM2159198	alpha_T2D_GSM2159198
SmartSeq2	alpha	T2D	GSM2159199	alpha_T2D_GSM2159199
SmartSeq2	alpha	T2D	GSM2159200	alpha_T2D_GSM2159200
SmartSeq2	alpha	T2D	GSM2159201	alpha_T2D_GSM2159201
SmartSeq2	alpha	T2D	GSM2159202	alpha_T2D_GSM2159202
SmartSeq2	alpha	T2D	GSM2159203	alpha_T2D_GSM2159203
SmartSeq2	alpha	T2D	GSM2159204	alpha_T2D_GSM2159204
SmartSeq2	alpha	T2D	GSM2159205	alpha_T2D_GSM2159205
SmartSeq2	alpha	T2D	GSM2159206	alpha_T2D_GSM2159206
SmartSeq2	alpha	T2D	GSM2159207	alpha_T2D_GSM2159207
SmartSeq2	alpha	T2D	GSM2159208	alpha_T2D_GSM2159208
SmartSeq2	alpha	T2D	GSM2159209	alpha_T2D_GSM2159209
SmartSeq2	alpha	T2D	GSM2159210	alpha_T2D_GSM2159210
SmartSeq2	alpha	T2D	GSM2159211	alpha_T2D_GSM2159211
SmartSeq2	alpha	T2D	GSM2159212	alpha_T2D_GSM2159212
SmartSeq2	alpha	T2D	GSM2159213	alpha_T2D_GSM2159213
SmartSeq2	alpha	T2D	GSM2159214	alpha_T2D_GSM2159214
SmartSeq2	alpha	T2D	GSM2159215	alpha_T2D_GSM2159215
SmartSeq2	alpha	T2D	GSM2159216	alpha_T2D_GSM2159216
SmartSeq2	alpha	T2D	GSM2159217	alpha_T2D_GSM2159217
SmartSeq2	alpha	T2D	GSM2159218	alpha_T2D_GSM2159218
SmartSeq2	alpha	T2D	GSM2159219	alpha_T2D_GSM2159219
SmartSeq2	alpha	T2D	GSM2159220	alpha_T2D_GSM2159220
SmartSeq2	alpha	T2D	GSM2159221	alpha_T2D_GSM2159221
SmartSeq2	alpha	T2D	GSM2159222	alpha_T2D_GSM2159222
SmartSeq2	alpha	T2D	GSM2159223	alpha_T2D_GSM2159223
SmartSeq2	alpha	T2D	GSM2159224	alpha_T2D_GSM2159224
SmartSeq2	alpha	T2D	GSM2159225	alpha_T2D_GSM2159225
SmartSeq2	alpha	T2D	GSM2159226	alpha_T2D_GSM2159226
SmartSeq2	alpha	T2D	GSM2159227	alpha_T2D_GSM2159227
SmartSeq2	alpha	T2D	GSM2159228	alpha_T2D_GSM2159228
SmartSeq2	alpha	T2D	GSM2159229	alpha_T2D_GSM2159229
SmartSeq2	alpha	T2D	GSM2159230	alpha_T2D_GSM2159230
SmartSeq2	alpha	T2D	GSM2159231	alpha_T2D_GSM2159231
SmartSeq2	alpha	T2D	GSM2159235	alpha_T2D_GSM2159235
SmartSeq2	alpha	T2D	GSM2159238	alpha_T2D_GSM2159238
SmartSeq2	alpha	T2D	GSM2159240	alpha_T2D_GSM2159240
SmartSeq2	alpha	T2D	GSM2159243	alpha_T2D_GSM2159243
SmartSeq2	alpha	T2D	GSM2159245	alpha_T2D_GSM2159245
SmartSeq2	alpha	T2D	GSM2159248	alpha_T2D_GSM2159248
SmartSeq2	alpha	T2D	GSM2159251	alpha_T2D_GSM2159251
SmartSeq2	alpha	T2D	GSM2159254	alpha_T2D_GSM2159254
SmartSeq2	alpha	T2D	GSM2159256	alpha_T2D_GSM2159256
SmartSeq2	alpha	T2D	GSM2159258	alpha_T2D_GSM2159258
SmartSeq2	alpha	T2D	GSM2159261	alpha_T2D_GSM2159261
SmartSeq2	alpha	T2D	GSM2159263	alpha_T2D_GSM2159263
SmartSeq2	alpha	T2D	GSM2159266	alpha_T2D_GSM2159266
SmartSeq2	alpha	T2D	GSM2159269	alpha_T2D_GSM2159269
SmartSeq2	alpha	T2D	GSM2159271	alpha_T2D_GSM2159271
SmartSeq2	alpha	T2D	GSM2159274	alpha_T2D_GSM2159274
SmartSeq2	alpha	T2D	GSM2159277	alpha_T2D_GSM2159277
SmartSeq2	alpha	T2D	GSM2159279	alpha_T2D_GSM2159279
SmartSeq2	alpha	T2D	GSM2159280	alpha_T2D_GSM2159280
SmartSeq2	alpha	T2D	GSM2159281	alpha_T2D_GSM2159281
SmartSeq2	alpha	T2D	GSM2159282	alpha_T2D_GSM2159282
SmartSeq2	alpha	T2D	GSM2159283	alpha_T2D_GSM2159283
SmartSeq2	alpha	T2D	GSM2159284	alpha_T2D_GSM2159284
SmartSeq2	alpha	T2D	GSM2159285	alpha_T2D_GSM2159285
SmartSeq2	alpha	T2D	GSM2159286	alpha_T2D_GSM2159286
SmartSeq2	alpha	T2D	GSM2159287	alpha_T2D_GSM2159287
SmartSeq2	alpha	T2D	GSM2159288	alpha_T2D_GSM2159288
SmartSeq2	alpha	T2D	GSM2159289	alpha_T2D_GSM2159289
SmartSeq2	alpha	T2D	GSM2159290	alpha_T2D_GSM2159290
SmartSeq2	alpha	T2D	GSM2159291	alpha_T2D_GSM2159291
SmartSeq2	alpha	T2D	GSM2159292	alpha_T2D_GSM2159292
SmartSeq2	alpha	T2D	GSM2159293	alpha_T2D_GSM2159293
SmartSeq2	alpha	T2D	GSM2159294	alpha_T2D_GSM2159294
SmartSeq2	alpha	T2D	GSM2159295	alpha_T2D_GSM2159295
SmartSeq2	alpha	T2D	GSM2159296	alpha_T2D_GSM2159296
SmartSeq2	alpha	T2D	GSM2159297	alpha_T2D_GSM2159297
SmartSeq2	alpha	T2D	GSM2159298	alpha_T2D_GSM2159298
SmartSeq2	alpha	T2D	GSM2159299	alpha_T2D_GSM2159299
SmartSeq2	alpha	T2D	GSM2159300	alpha_T2D_GSM2159300
SmartSeq2	alpha	T2D	GSM2159301	alpha_T2D_GSM2159301
SmartSeq2	alpha	T2D	GSM2159302	alpha_T2D_GSM2159302
SmartSeq2	alpha	T2D	GSM2159303	alpha_T2D_GSM2159303
SmartSeq2	alpha	T2D	GSM2159304	alpha_T2D_GSM2159304
SmartSeq2	alpha	T2D	GSM2159305	alpha_T2D_GSM2159305
SmartSeq2	alpha	T2D	GSM2159306	alpha_T2D_GSM2159306
SmartSeq2	alpha	T2D	GSM2159307	alpha_T2D_GSM2159307
SmartSeq2	alpha	T2D	GSM2159308	alpha_T2D_GSM2159308
SmartSeq2	alpha	T2D	GSM2159309	alpha_T2D_GSM2159309
SmartSeq2	alpha	T2D	GSM2159310	alpha_T2D_GSM2159310
SmartSeq2	alpha	T2D	GSM2159311	alpha_T2D_GSM2159311
SmartSeq2	alpha	T2D	GSM2159312	alpha_T2D_GSM2159312
SmartSeq2	alpha	T2D	GSM2159313	alpha_T2D_GSM2159313
SmartSeq2	alpha	T2D	GSM2159314	alpha_T2D_GSM2159314
SmartSeq2	alpha	T2D	GSM2159315	alpha_T2D_GSM2159315
SmartSeq2	alpha	T2D	GSM2159316	alpha_T2D_GSM2159316
SmartSeq2	alpha	T2D	GSM2159317	alpha_T2D_GSM2159317
SmartSeq2	alpha	T2D	GSM2159318	alpha_T2D_GSM2159318
SmartSeq2	alpha	T2D	GSM2159319	alpha_T2D_GSM2159319
SmartSeq2	alpha	T2D	GSM2159320	alpha_T2D_GSM2159320
SmartSeq2	alpha	T2D	GSM2159321	alpha_T2D_GSM2159321
SmartSeq2	alpha	T2D	GSM2159322	alpha_T2D_GSM2159322
SmartSeq2	alpha	T2D	GSM2159323	alpha_T2D_GSM2159323
SmartSeq2	alpha	T2D	GSM2159324	alpha_T2D_GSM2159324
SmartSeq2	alpha	T2D	GSM2159325	alpha_T2D_GSM2159325
SmartSeq2	alpha	T2D	GSM2159326	alpha_T2D_GSM2159326
SmartSeq2	alpha	T2D	GSM2159327	alpha_T2D_GSM2159327
SmartSeq2	alpha	T2D	GSM2159328	alpha_T2D_GSM2159328
SmartSeq2	alpha	T2D	GSM2159329	alpha_T2D_GSM2159329
SmartSeq2	alpha	T2D	GSM2159330	alpha_T2D_GSM2159330
SmartSeq2	alpha	T2D	GSM2159331	alpha_T2D_GSM2159331
SmartSeq2	alpha	T2D	GSM2159332	alpha_T2D_GSM2159332
SmartSeq2	alpha	T2D	GSM2159333	alpha_T2D_GSM2159333
SmartSeq2	alpha	T2D	GSM2159334	alpha_T2D_GSM2159334
SmartSeq2	alpha	T2D	GSM2159335	alpha_T2D_GSM2159335
SmartSeq2	alpha	T2D	GSM2159336	alpha_T2D_GSM2159336
SmartSeq2	alpha	T2D	GSM2159337	alpha_T2D_GSM2159337
SmartSeq2	alpha	T2D	GSM2159338	alpha_T2D_GSM2159338
SmartSeq2	alpha	T2D	GSM2159339	alpha_T2D_GSM2159339
SmartSeq2	alpha	T2D	GSM2159340	alpha_T2D_GSM2159340
SmartSeq2	alpha	T2D	GSM2159341	alpha_T2D_GSM2159341
SmartSeq2	alpha	T2D	GSM2159342	alpha_T2D_GSM2159342
SmartSeq2	alpha	T2D	GSM2159343	alpha_T2D_GSM2159343
SmartSeq2	alpha	T2D	GSM2159344	alpha_T2D_GSM2159344
SmartSeq2	alpha	T2D	GSM2159345	alpha_T2D_GSM2159345
SmartSeq2	alpha	T2D	GSM2159346	alpha_T2D_GSM2159346
SmartSeq2	alpha	T2D	GSM2159347	alpha_T2D_GSM2159347
SmartSeq2	alpha	T2D	GSM2159348	alpha_T2D_GSM2159348
SmartSeq2	alpha	T2D	GSM2159349	alpha_T2D_GSM2159349
SmartSeq2	alpha	T2D	GSM2159350	alpha_T2D_GSM2159350
SmartSeq2	alpha	T2D	GSM2159351	alpha_T2D_GSM2159351
SmartSeq2	alpha	T2D	GSM2159352	alpha_T2D_GSM2159352
SmartSeq2	alpha	T2D	GSM2159353	alpha_T2D_GSM2159353
SmartSeq2	alpha	T2D	GSM2159354	alpha_T2D_GSM2159354
SmartSeq2	alpha	T2D	GSM2159355	alpha_T2D_GSM2159355
SmartSeq2	alpha	T2D	GSM2159356	alpha_T2D_GSM2159356
SmartSeq2	alpha	T2D	GSM2159357	alpha_T2D_GSM2159357
SmartSeq2	alpha	T2D	GSM2159358	alpha_T2D_GSM2159358
SmartSeq2	alpha	T2D	GSM2159359	alpha_T2D_GSM2159359
SmartSeq2	alpha	T2D	GSM2159360	alpha_T2D_GSM2159360
SmartSeq2	alpha	T2D	GSM2159361	alpha_T2D_GSM2159361
SmartSeq2	alpha	T2D	GSM2159362	alpha_T2D_GSM2159362
SmartSeq2	alpha	T2D	GSM2159363	alpha_T2D_GSM2159363
SmartSeq2	alpha	T2D	GSM2159364	alpha_T2D_GSM2159364
SmartSeq2	alpha	T2D	GSM2159365	alpha_T2D_GSM2159365
SmartSeq2	alpha	T2D	GSM2159366	alpha_T2D_GSM2159366
SmartSeq2	alpha	T2D	GSM2159367	alpha_T2D_GSM2159367
SmartSeq2	alpha	T2D	GSM2159368	alpha_T2D_GSM2159368
SmartSeq2	alpha	T2D	GSM2159369	alpha_T2D_GSM2159369
SmartSeq2	alpha	T2D	GSM2159370	alpha_T2D_GSM2159370
SmartSeq2	alpha	T2D	GSM2159371	alpha_T2D_GSM2159371
SmartSeq2	alpha	T2D	GSM2159372	alpha_T2D_GSM2159372
SmartSeq2	alpha	T2D	GSM2159373	alpha_T2D_GSM2159373
SmartSeq2	alpha	T2D	GSM2159374	alpha_T2D_GSM2159374
SmartSeq2	alpha	T2D	GSM2159375	alpha_T2D_GSM2159375
SmartSeq2	alpha	T2D	GSM2159376	alpha_T2D_GSM2159376
SmartSeq2	alpha	T2D	GSM2159377	alpha_T2D_GSM2159377
SmartSeq2	alpha	T2D	GSM2159378	alpha_T2D_GSM2159378
SmartSeq2	alpha	T2D	GSM2159379	alpha_T2D_GSM2159379
SmartSeq2	alpha	T2D	GSM2159380	alpha_T2D_GSM2159380
SmartSeq2	alpha	T2D	GSM2159381	alpha_T2D_GSM2159381
SmartSeq2	alpha	T2D	GSM2159382	alpha_T2D_GSM2159382
SmartSeq2	alpha	T2D	GSM2159383	alpha_T2D_GSM2159383
SmartSeq2	alpha	T2D	GSM2159384	alpha_T2D_GSM2159384
SmartSeq2	alpha	T2D	GSM2159385	alpha_T2D_GSM2159385
SmartSeq2	alpha	T2D	GSM2159386	alpha_T2D_GSM2159386
SmartSeq2	alpha	T2D	GSM2159387	alpha_T2D_GSM2159387
SmartSeq2	alpha	T2D	GSM2159388	alpha_T2D_GSM2159388
SmartSeq2	alpha	T2D	GSM2159389	alpha_T2D_GSM2159389
SmartSeq2	alpha	T2D	GSM2159390	alpha_T2D_GSM2159390
SmartSeq2	alpha	T2D	GSM2159391	alpha_T2D_GSM2159391
SmartSeq2	alpha	T2D	GSM2159392	alpha_T2D_GSM2159392
SmartSeq2	alpha	T2D	GSM2159393	alpha_T2D_GSM2159393
SmartSeq2	alpha	T2D	GSM2159394	alpha_T2D_GSM2159394
SmartSeq2	alpha	T2D	GSM2159395	alpha_T2D_GSM2159395
SmartSeq2	alpha	T2D	GSM2159396	alpha_T2D_GSM2159396
SmartSeq2	alpha	T2D	GSM2159397	alpha_T2D_GSM2159397
SmartSeq2	alpha	T2D	GSM2159398	alpha_T2D_GSM2159398
SmartSeq2	alpha	T2D	GSM2159399	alpha_T2D_GSM2159399
SmartSeq2	alpha	T2D	GSM2159400	alpha_T2D_GSM2159400
SmartSeq2	alpha	T2D	GSM2159401	alpha_T2D_GSM2159401
SmartSeq2	alpha	T2D	GSM2159402	alpha_T2D_GSM2159402
SmartSeq2	alpha	T2D	GSM2159403	alpha_T2D_GSM2159403
SmartSeq2	alpha	T2D	GSM2159404	alpha_T2D_GSM2159404
SmartSeq2	alpha	T2D	GSM2159405	alpha_T2D_GSM2159405
SmartSeq2	alpha	T2D	GSM2159406	alpha_T2D_GSM2159406
SmartSeq2	alpha	T2D	GSM2159407	alpha_T2D_GSM2159407
SmartSeq2	alpha	T2D	GSM2159408	alpha_T2D_GSM2159408
SmartSeq2	alpha	T2D	GSM2159409	alpha_T2D_GSM2159409
SmartSeq2	alpha	T2D	GSM2159410	alpha_T2D_GSM2159410
SmartSeq2	alpha	T2D	GSM2159411	alpha_T2D_GSM2159411
SmartSeq2	alpha	T2D	GSM2159412	alpha_T2D_GSM2159412
SmartSeq2	alpha	T2D	GSM2159413	alpha_T2D_GSM2159413
SmartSeq2	alpha	T2D	GSM2159414	alpha_T2D_GSM2159414
SmartSeq2	alpha	T2D	GSM2159415	alpha_T2D_GSM2159415
SmartSeq2	alpha	T2D	GSM2159416	alpha_T2D_GSM2159416
SmartSeq2	alpha	T2D	GSM2159417	alpha_T2D_GSM2159417
SmartSeq2	alpha	T2D	GSM2159418	alpha_T2D_GSM2159418
SmartSeq2	alpha	T2D	GSM2159419	alpha_T2D_GSM2159419
SmartSeq2	alpha	T2D	GSM2159420	alpha_T2D_GSM2159420
SmartSeq2	alpha	T2D	GSM2159421	alpha_T2D_GSM2159421
SmartSeq2	alpha	T2D	GSM2159422	alpha_T2D_GSM2159422
SmartSeq2	alpha	T2D	GSM2159423	alpha_T2D_GSM2159423
SmartSeq2	alpha	T2D	GSM2159424	alpha_T2D_GSM2159424
SmartSeq2	alpha	T2D	GSM2159425	alpha_T2D_GSM2159425
SmartSeq2	alpha	T2D	GSM2159426	alpha_T2D_GSM2159426
SmartSeq2	alpha	T2D	GSM2159427	alpha_T2D_GSM2159427
SmartSeq2	alpha	T2D	GSM2159428	alpha_T2D_GSM2159428
SmartSeq2	alpha	T2D	GSM2159429	alpha_T2D_GSM2159429
SmartSeq2	alpha	T2D	GSM2159430	alpha_T2D_GSM2159430
SmartSeq2	alpha	T2D	GSM2159431	alpha_T2D_GSM2159431
SmartSeq2	alpha	T2D	GSM2159432	alpha_T2D_GSM2159432
SmartSeq2	alpha	T2D	GSM2159433	alpha_T2D_GSM2159433
SmartSeq2	alpha	T2D	GSM2159434	alpha_T2D_GSM2159434
SmartSeq2	alpha	T2D	GSM2159435	alpha_T2D_GSM2159435
SmartSeq2	alpha	T2D	GSM2159436	alpha_T2D_GSM2159436
SmartSeq2	alpha	T2D	GSM2159437	alpha_T2D_GSM2159437
SmartSeq2	alpha	T2D	GSM2159438	alpha_T2D_GSM2159438
SmartSeq2	alpha	T2D	GSM2159439	alpha_T2D_GSM2159439
SmartSeq2	alpha	T2D	GSM2159440	alpha_T2D_GSM2159440
SmartSeq2	alpha	T2D	GSM2159441	alpha_T2D_GSM2159441
SmartSeq2	alpha	T2D	GSM2159442	alpha_T2D_GSM2159442
SmartSeq2	alpha	T2D	GSM2159443	alpha_T2D_GSM2159443
SmartSeq2	alpha	T2D	GSM2159444	alpha_T2D_GSM2159444
SmartSeq2	alpha	T2D	GSM2159445	alpha_T2D_GSM2159445
SmartSeq2	alpha	T2D	GSM2159446	alpha_T2D_GSM2159446
SmartSeq2	alpha	T2D	GSM2159447	alpha_T2D_GSM2159447
SmartSeq2	alpha	T2D	GSM2159448	alpha_T2D_GSM2159448
SmartSeq2	alpha	T2D	GSM2159449	alpha_T2D_GSM2159449
SmartSeq2	alpha	T2D	GSM2159450	alpha_T2D_GSM2159450
SmartSeq2	alpha	T2D	GSM2159451	alpha_T2D_GSM2159451
SmartSeq2	alpha	T2D	GSM2159452	alpha_T2D_GSM2159452
SmartSeq2	alpha	T2D	GSM2159453	alpha_T2D_GSM2159453
SmartSeq2	alpha	T2D	GSM2159454	alpha_T2D_GSM2159454
SmartSeq2	alpha	T2D	GSM2159455	alpha_T2D_GSM2159455
SmartSeq2	alpha	T2D	GSM2159456	alpha_T2D_GSM2159456
SmartSeq2	alpha	T2D	GSM2159457	alpha_T2D_GSM2159457
SmartSeq2	alpha	T2D	GSM2159458	alpha_T2D_GSM2159458
SmartSeq2	alpha	T2D	GSM2159459	alpha_T2D_GSM2159459
SmartSeq2	alpha	T2D	GSM2159460	alpha_T2D_GSM2159460
SmartSeq2	alpha	T2D	GSM2159461	alpha_T2D_GSM2159461
SmartSeq2	alpha	T2D	GSM2159462	alpha_T2D_GSM2159462
SmartSeq2	alpha	T2D	GSM2159463	alpha_T2D_GSM2159463
SmartSeq2	alpha	T2D	GSM2159464	alpha_T2D_GSM2159464
SmartSeq2	alpha	T2D	GSM2159465	alpha_T2D_GSM2159465
SmartSeq2	alpha	T2D	GSM2159466	alpha_T2D_GSM2159466
SmartSeq2	alpha	T2D	GSM2159467	alpha_T2D_GSM2159467
SmartSeq2	alpha	T2D	GSM2159468	alpha_T2D_GSM2159468
SmartSeq2	alpha	T2D	GSM2159469	alpha_T2D_GSM2159469
SmartSeq2	alpha	T2D	GSM2159470	alpha_T2D_GSM2159470
SmartSeq2	alpha	T2D	GSM2159471	alpha_T2D_GSM2159471
SmartSeq2	alpha	T2D	GSM2159472	alpha_T2D_GSM2159472
SmartSeq2	alpha	T2D	GSM2159473	alpha_T2D_GSM2159473
SmartSeq2	alpha	T2D	GSM2159474	alpha_T2D_GSM2159474
SmartSeq2	beta	ND	GSM2157899	beta_ND_GSM2157899
SmartSeq2	beta	ND	GSM2157900	beta_ND_GSM2157900
SmartSeq2	beta	ND	GSM2157901	beta_ND_GSM2157901
SmartSeq2	beta	ND	GSM2157902	beta_ND_GSM2157902
SmartSeq2	beta	ND	GSM2157903	beta_ND_GSM2157903
SmartSeq2	beta	ND	GSM2157904	beta_ND_GSM2157904
SmartSeq2	beta	ND	GSM2157905	beta_ND_GSM2157905
SmartSeq2	beta	ND	GSM2157906	beta_ND_GSM2157906
SmartSeq2	beta	ND	GSM2157907	beta_ND_GSM2157907
SmartSeq2	beta	ND	GSM2157908	beta_ND_GSM2157908
SmartSeq2	beta	ND	GSM2157909	beta_ND_GSM2157909
SmartSeq2	beta	ND	GSM2157910	beta_ND_GSM2157910
SmartSeq2	beta	ND	GSM2157911	beta_ND_GSM2157911
SmartSeq2	beta	ND	GSM2157912	beta_ND_GSM2157912
SmartSeq2	beta	ND	GSM2157913	beta_ND_GSM2157913
SmartSeq2	beta	ND	GSM2157914	beta_ND_GSM2157914
SmartSeq2	beta	ND	GSM2157915	beta_ND_GSM2157915
SmartSeq2	beta	ND	GSM2157916	beta_ND_GSM2157916
SmartSeq2	beta	ND	GSM2157917	beta_ND_GSM2157917
SmartSeq2	beta	ND	GSM2157918	beta_ND_GSM2157918
SmartSeq2	beta	ND	GSM2157919	beta_ND_GSM2157919
SmartSeq2	beta	ND	GSM2157920	beta_ND_GSM2157920
SmartSeq2	beta	ND	GSM2157921	beta_ND_GSM2157921
SmartSeq2	beta	ND	GSM2157922	beta_ND_GSM2157922
SmartSeq2	beta	ND	GSM2157923	beta_ND_GSM2157923
SmartSeq2	beta	ND	GSM2157924	beta_ND_GSM2157924
SmartSeq2	beta	ND	GSM2157925	beta_ND_GSM2157925
SmartSeq2	beta	ND	GSM2157926	beta_ND_GSM2157926
SmartSeq2	beta	ND	GSM2157927	beta_ND_GSM2157927
SmartSeq2	beta	ND	GSM2157928	beta_ND_GSM2157928
SmartSeq2	beta	ND	GSM2157929	beta_ND_GSM2157929
SmartSeq2	beta	ND	GSM2157930	beta_ND_GSM2157930
SmartSeq2	beta	ND	GSM2157931	beta_ND_GSM2157931
SmartSeq2	beta	ND	GSM2157932	beta_ND_GSM2157932
SmartSeq2	beta	ND	GSM2157933	beta_ND_GSM2157933
SmartSeq2	beta	ND	GSM2157934	beta_ND_GSM2157934
SmartSeq2	beta	ND	GSM2157935	beta_ND_GSM2157935
SmartSeq2	beta	ND	GSM2157936	beta_ND_GSM2157936
SmartSeq2	beta	ND	GSM2157937	beta_ND_GSM2157937
SmartSeq2	beta	ND	GSM2157938	beta_ND_GSM2157938
SmartSeq2	beta	ND	GSM2157939	beta_ND_GSM2157939
SmartSeq2	beta	ND	GSM2157940	beta_ND_GSM2157940
SmartSeq2	beta	ND	GSM2157941	beta_ND_GSM2157941
SmartSeq2	beta	ND	GSM2157942	beta_ND_GSM2157942
SmartSeq2	beta	ND	GSM2157943	beta_ND_GSM2157943
SmartSeq2	beta	ND	GSM2157944	beta_ND_GSM2157944
SmartSeq2	beta	ND	GSM2157945	beta_ND_GSM2157945
SmartSeq2	beta	ND	GSM2157946	beta_ND_GSM2157946
SmartSeq2	beta	ND	GSM2157947	beta_ND_GSM2157947
SmartSeq2	beta	ND	GSM2157948	beta_ND_GSM2157948
SmartSeq2	beta	ND	GSM2157949	beta_ND_GSM2157949
SmartSeq2	beta	ND	GSM2157950	beta_ND_GSM2157950
SmartSeq2	beta	ND	GSM2157951	beta_ND_GSM2157951
SmartSeq2	beta	ND	GSM2157952	beta_ND_GSM2157952
SmartSeq2	beta	ND	GSM2157953	beta_ND_GSM2157953
SmartSeq2	beta	ND	GSM2157954	beta_ND_GSM2157954
SmartSeq2	beta	ND	GSM2157955	beta_ND_GSM2157955
SmartSeq2	beta	ND	GSM2157956	beta_ND_GSM2157956
SmartSeq2	beta	ND	GSM2157957	beta_ND_GSM2157957
SmartSeq2	beta	ND	GSM2157958	beta_ND_GSM2157958
SmartSeq2	beta	ND	GSM2157959	beta_ND_GSM2157959
SmartSeq2	beta	ND	GSM2157960	beta_ND_GSM2157960
SmartSeq2	beta	ND	GSM2157961	beta_ND_GSM2157961
SmartSeq2	beta	ND	GSM2157962	beta_ND_GSM2157962
SmartSeq2	beta	ND	GSM2157963	beta_ND_GSM2157963
SmartSeq2	beta	ND	GSM2157964	beta_ND_GSM2157964
SmartSeq2	beta	ND	GSM2157965	beta_ND_GSM2157965
SmartSeq2	beta	ND	GSM2157966	beta_ND_GSM2157966
SmartSeq2	beta	ND	GSM2157967	beta_ND_GSM2157967
SmartSeq2	beta	ND	GSM2157968	beta_ND_GSM2157968
SmartSeq2	beta	ND	GSM2157969	beta_ND_GSM2157969
SmartSeq2	beta	ND	GSM2157970	beta_ND_GSM2157970
SmartSeq2	beta	ND	GSM2157971	beta_ND_GSM2157971
SmartSeq2	beta	ND	GSM2157972	beta_ND_GSM2157972
SmartSeq2	beta	ND	GSM2157973	beta_ND_GSM2157973
SmartSeq2	beta	ND	GSM2157974	beta_ND_GSM2157974
SmartSeq2	beta	ND	GSM2157975	beta_ND_GSM2157975
SmartSeq2	beta	ND	GSM2157976	beta_ND_GSM2157976
SmartSeq2	beta	ND	GSM2157977	beta_ND_GSM2157977
SmartSeq2	beta	ND	GSM2157978	beta_ND_GSM2157978
SmartSeq2	beta	ND	GSM2157979	beta_ND_GSM2157979
SmartSeq2	beta	ND	GSM2157980	beta_ND_GSM2157980
SmartSeq2	beta	ND	GSM2157981	beta_ND_GSM2157981
SmartSeq2	beta	ND	GSM2157982	beta_ND_GSM2157982
SmartSeq2	beta	ND	GSM2157983	beta_ND_GSM2157983
SmartSeq2	beta	ND	GSM2157984	beta_ND_GSM2157984
SmartSeq2	beta	ND	GSM2157985	beta_ND_GSM2157985
SmartSeq2	beta	ND	GSM2157986	beta_ND_GSM2157986
SmartSeq2	beta	ND	GSM2157987	beta_ND_GSM2157987
SmartSeq2	beta	ND	GSM2157988	beta_ND_GSM2157988
SmartSeq2	beta	ND	GSM2157989	beta_ND_GSM2157989
SmartSeq2	beta	ND	GSM2157990	beta_ND_GSM2157990
SmartSeq2	beta	ND	GSM2157991	beta_ND_GSM2157991
SmartSeq2	beta	ND	GSM2157992	beta_ND_GSM2157992
SmartSeq2	beta	ND	GSM2157993	beta_ND_GSM2157993
SmartSeq2	beta	ND	GSM2157994	beta_ND_GSM2157994
SmartSeq2	beta	ND	GSM2157995	beta_ND_GSM2157995
SmartSeq2	beta	ND	GSM2157996	beta_ND_GSM2157996
SmartSeq2	beta	ND	GSM2157997	beta_ND_GSM2157997
SmartSeq2	beta	ND	GSM2157998	beta_ND_GSM2157998
SmartSeq2	beta	ND	GSM2157999	beta_ND_GSM2157999
SmartSeq2	beta	ND	GSM2158000	beta_ND_GSM2158000
SmartSeq2	beta	ND	GSM2158001	beta_ND_GSM2158001
SmartSeq2	beta	ND	GSM2158002	beta_ND_GSM2158002
SmartSeq2	beta	ND	GSM2158003	beta_ND_GSM2158003
SmartSeq2	beta	ND	GSM2158004	beta_ND_GSM2158004
SmartSeq2	beta	ND	GSM2158005	beta_ND_GSM2158005
SmartSeq2	beta	ND	GSM2158006	beta_ND_GSM2158006
SmartSeq2	beta	ND	GSM2158007	beta_ND_GSM2158007
SmartSeq2	beta	ND	GSM2158008	beta_ND_GSM2158008
SmartSeq2	beta	ND	GSM2158009	beta_ND_GSM2158009
SmartSeq2	beta	ND	GSM2158010	beta_ND_GSM2158010
SmartSeq2	beta	ND	GSM2158011	beta_ND_GSM2158011
SmartSeq2	beta	ND	GSM2158012	beta_ND_GSM2158012
SmartSeq2	beta	ND	GSM2158013	beta_ND_GSM2158013
SmartSeq2	beta	ND	GSM2158014	beta_ND_GSM2158014
SmartSeq2	beta	ND	GSM2158015	beta_ND_GSM2158015
SmartSeq2	beta	ND	GSM2158016	beta_ND_GSM2158016
SmartSeq2	beta	ND	GSM2158017	beta_ND_GSM2158017
SmartSeq2	beta	ND	GSM2158018	beta_ND_GSM2158018
SmartSeq2	beta	ND	GSM2158019	beta_ND_GSM2158019
SmartSeq2	beta	ND	GSM2158020	beta_ND_GSM2158020
SmartSeq2	beta	ND	GSM2158021	beta_ND_GSM2158021
SmartSeq2	beta	ND	GSM2158022	beta_ND_GSM2158022
SmartSeq2	beta	ND	GSM2158023	beta_ND_GSM2158023
SmartSeq2	beta	ND	GSM2158024	beta_ND_GSM2158024
SmartSeq2	beta	ND	GSM2158025	beta_ND_GSM2158025
SmartSeq2	beta	ND	GSM2158026	beta_ND_GSM2158026
SmartSeq2	beta	ND	GSM2158027	beta_ND_GSM2158027
SmartSeq2	beta	ND	GSM2158028	beta_ND_GSM2158028
SmartSeq2	beta	ND	GSM2158029	beta_ND_GSM2158029
SmartSeq2	beta	ND	GSM2158030	beta_ND_GSM2158030
SmartSeq2	beta	ND	GSM2158031	beta_ND_GSM2158031
SmartSeq2	beta	ND	GSM2158032	beta_ND_GSM2158032
SmartSeq2	beta	ND	GSM2158033	beta_ND_GSM2158033
SmartSeq2	beta	ND	GSM2158034	beta_ND_GSM2158034
SmartSeq2	beta	ND	GSM2158035	beta_ND_GSM2158035
SmartSeq2	beta	ND	GSM2158036	beta_ND_GSM2158036
SmartSeq2	beta	ND	GSM2158037	beta_ND_GSM2158037
SmartSeq2	beta	ND	GSM2158038	beta_ND_GSM2158038
SmartSeq2	beta	ND	GSM2158039	beta_ND_GSM2158039
SmartSeq2	beta	ND	GSM2158040	beta_ND_GSM2158040
SmartSeq2	beta	ND	GSM2158041	beta_ND_GSM2158041
SmartSeq2	beta	ND	GSM2158042	beta_ND_GSM2158042
SmartSeq2	beta	ND	GSM2158043	beta_ND_GSM2158043
SmartSeq2	beta	ND	GSM2158044	beta_ND_GSM2158044
SmartSeq2	beta	ND	GSM2158045	beta_ND_GSM2158045
SmartSeq2	beta	ND	GSM2158046	beta_ND_GSM2158046
SmartSeq2	beta	ND	GSM2158047	beta_ND_GSM2158047
SmartSeq2	beta	ND	GSM2158048	beta_ND_GSM2158048
SmartSeq2	beta	ND	GSM2158049	beta_ND_GSM2158049
SmartSeq2	beta	ND	GSM2158050	beta_ND_GSM2158050
SmartSeq2	beta	ND	GSM2158051	beta_ND_GSM2158051
SmartSeq2	beta	ND	GSM2158052	beta_ND_GSM2158052
SmartSeq2	beta	ND	GSM2158053	beta_ND_GSM2158053
SmartSeq2	beta	ND	GSM2158054	beta_ND_GSM2158054
SmartSeq2	beta	ND	GSM2158055	beta_ND_GSM2158055
SmartSeq2	beta	ND	GSM2158056	beta_ND_GSM2158056
SmartSeq2	beta	ND	GSM2158057	beta_ND_GSM2158057
SmartSeq2	beta	ND	GSM2158058	beta_ND_GSM2158058
SmartSeq2	beta	ND	GSM2158059	beta_ND_GSM2158059
SmartSeq2	beta	ND	GSM2158060	beta_ND_GSM2158060
SmartSeq2	beta	ND	GSM2158061	beta_ND_GSM2158061
SmartSeq2	beta	ND	GSM2158062	beta_ND_GSM2158062
SmartSeq2	beta	ND	GSM2158063	beta_ND_GSM2158063
SmartSeq2	beta	ND	GSM2158064	beta_ND_GSM2158064
SmartSeq2	beta	ND	GSM2158065	beta_ND_GSM2158065
SmartSeq2	beta	ND	GSM2158066	beta_ND_GSM2158066
SmartSeq2	beta	ND	GSM2158067	beta_ND_GSM2158067
SmartSeq2	beta	ND	GSM2158068	beta_ND_GSM2158068
SmartSeq2	beta	ND	GSM2158069	beta_ND_GSM2158069
SmartSeq2	beta	ND	GSM2158070	beta_ND_GSM2158070
SmartSeq2	beta	ND	GSM2158072	beta_ND_GSM2158072
SmartSeq2	beta	ND	GSM2158073	beta_ND_GSM2158073
SmartSeq2	beta	ND	GSM2158074	beta_ND_GSM2158074
SmartSeq2	beta	ND	GSM2158075	beta_ND_GSM2158075
SmartSeq2	beta	ND	GSM2158076	beta_ND_GSM2158076
SmartSeq2	beta	ND	GSM2158077	beta_ND_GSM2158077
SmartSeq2	beta	ND	GSM2158078	beta_ND_GSM2158078
SmartSeq2	beta	ND	GSM2158079	beta_ND_GSM2158079
SmartSeq2	beta	ND	GSM2158080	beta_ND_GSM2158080
SmartSeq2	beta	ND	GSM2158081	beta_ND_GSM2158081
SmartSeq2	beta	ND	GSM2158082	beta_ND_GSM2158082
SmartSeq2	beta	ND	GSM2158083	beta_ND_GSM2158083
SmartSeq2	beta	ND	GSM2158084	beta_ND_GSM2158084
SmartSeq2	beta	ND	GSM2158085	beta_ND_GSM2158085
SmartSeq2	beta	ND	GSM2158086	beta_ND_GSM2158086
SmartSeq2	beta	ND	GSM2158087	beta_ND_GSM2158087
SmartSeq2	beta	ND	GSM2158088	beta_ND_GSM2158088
SmartSeq2	beta	ND	GSM2158089	beta_ND_GSM2158089
SmartSeq2	beta	ND	GSM2158090	beta_ND_GSM2158090
SmartSeq2	beta	ND	GSM2158091	beta_ND_GSM2158091
SmartSeq2	beta	ND	GSM2158092	beta_ND_GSM2158092
SmartSeq2	beta	ND	GSM2158093	beta_ND_GSM2158093
SmartSeq2	beta	ND	GSM2158094	beta_ND_GSM2158094
SmartSeq2	beta	ND	GSM2158095	beta_ND_GSM2158095
SmartSeq2	beta	ND	GSM2158096	beta_ND_GSM2158096
SmartSeq2	beta	ND	GSM2158097	beta_ND_GSM2158097
SmartSeq2	beta	ND	GSM2158098	beta_ND_GSM2158098
SmartSeq2	beta	ND	GSM2158099	beta_ND_GSM2158099
SmartSeq2	beta	ND	GSM2158100	beta_ND_GSM2158100
SmartSeq2	beta	ND	GSM2158101	beta_ND_GSM2158101
SmartSeq2	beta	ND	GSM2158102	beta_ND_GSM2158102
SmartSeq2	beta	ND	GSM2158103	beta_ND_GSM2158103
SmartSeq2	beta	ND	GSM2158104	beta_ND_GSM2158104
SmartSeq2	beta	ND	GSM2158105	beta_ND_GSM2158105
SmartSeq2	beta	T2D	GSM2158550	beta_T2D_GSM2158550
SmartSeq2	beta	T2D	GSM2158551	beta_T2D_GSM2158551
SmartSeq2	beta	T2D	GSM2158552	beta_T2D_GSM2158552
SmartSeq2	beta	T2D	GSM2158553	beta_T2D_GSM2158553
SmartSeq2	beta	T2D	GSM2158554	beta_T2D_GSM2158554
SmartSeq2	beta	T2D	GSM2158555	beta_T2D_GSM2158555
SmartSeq2	beta	T2D	GSM2158556	beta_T2D_GSM2158556
SmartSeq2	beta	T2D	GSM2158557	beta_T2D_GSM2158557
SmartSeq2	beta	T2D	GSM2158558	beta_T2D_GSM2158558
SmartSeq2	beta	T2D	GSM2158559	beta_T2D_GSM2158559
SmartSeq2	beta	T2D	GSM2158560	beta_T2D_GSM2158560
SmartSeq2	beta	T2D	GSM2158561	beta_T2D_GSM2158561
SmartSeq2	beta	T2D	GSM2158562	beta_T2D_GSM2158562
SmartSeq2	beta	T2D	GSM2158563	beta_T2D_GSM2158563
SmartSeq2	beta	T2D	GSM2158564	beta_T2D_GSM2158564
SmartSeq2	beta	T2D	GSM2158565	beta_T2D_GSM2158565
SmartSeq2	beta	T2D	GSM2158566	beta_T2D_GSM2158566
SmartSeq2	beta	T2D	GSM2158567	beta_T2D_GSM2158567
SmartSeq2	beta	T2D	GSM2158568	beta_T2D_GSM2158568
SmartSeq2	beta	T2D	GSM2158569	beta_T2D_GSM2158569
SmartSeq2	beta	T2D	GSM2158570	beta_T2D_GSM2158570
SmartSeq2	beta	T2D	GSM2158571	beta_T2D_GSM2158571
SmartSeq2	beta	T2D	GSM2158572	beta_T2D_GSM2158572
SmartSeq2	beta	T2D	GSM2158573	beta_T2D_GSM2158573
SmartSeq2	beta	T2D	GSM2158574	beta_T2D_GSM2158574
SmartSeq2	beta	T2D	GSM2158575	beta_T2D_GSM2158575
SmartSeq2	beta	T2D	GSM2158576	beta_T2D_GSM2158576
SmartSeq2	beta	T2D	GSM2158577	beta_T2D_GSM2158577
SmartSeq2	beta	T2D	GSM2158578	beta_T2D_GSM2158578
SmartSeq2	beta	T2D	GSM2158579	beta_T2D_GSM2158579
SmartSeq2	beta	T2D	GSM2158580	beta_T2D_GSM2158580
SmartSeq2	beta	T2D	GSM2158581	beta_T2D_GSM2158581
SmartSeq2	beta	T2D	GSM2158582	beta_T2D_GSM2158582
SmartSeq2	beta	T2D	GSM2158583	beta_T2D_GSM2158583
SmartSeq2	beta	T2D	GSM2158584	beta_T2D_GSM2158584
SmartSeq2	beta	T2D	GSM2158585	beta_T2D_GSM2158585
SmartSeq2	beta	T2D	GSM2158586	beta_T2D_GSM2158586
SmartSeq2	beta	T2D	GSM2158587	beta_T2D_GSM2158587
SmartSeq2	beta	T2D	GSM2158588	beta_T2D_GSM2158588
SmartSeq2	beta	T2D	GSM2158589	beta_T2D_GSM2158589
SmartSeq2	beta	T2D	GSM2158590	beta_T2D_GSM2158590
SmartSeq2	beta	T2D	GSM2158591	beta_T2D_GSM2158591
SmartSeq2	beta	T2D	GSM2158592	beta_T2D_GSM2158592
SmartSeq2	beta	T2D	GSM2158593	beta_T2D_GSM2158593
SmartSeq2	beta	T2D	GSM2158594	beta_T2D_GSM2158594
SmartSeq2	beta	T2D	GSM2158595	beta_T2D_GSM2158595
SmartSeq2	beta	T2D	GSM2158596	beta_T2D_GSM2158596
SmartSeq2	beta	T2D	GSM2158597	beta_T2D_GSM2158597
SmartSeq2	beta	T2D	GSM2158598	beta_T2D_GSM2158598
SmartSeq2	beta	T2D	GSM2158599	beta_T2D_GSM2158599
SmartSeq2	beta	T2D	GSM2158600	beta_T2D_GSM2158600
SmartSeq2	beta	T2D	GSM2158601	beta_T2D_GSM2158601
SmartSeq2	beta	T2D	GSM2158602	beta_T2D_GSM2158602
SmartSeq2	beta	T2D	GSM2158603	beta_T2D_GSM2158603
SmartSeq2	beta	T2D	GSM2158604	beta_T2D_GSM2158604
SmartSeq2	beta	T2D	GSM2158605	beta_T2D_GSM2158605
SmartSeq2	beta	T2D	GSM2158606	beta_T2D_GSM2158606
SmartSeq2	beta	T2D	GSM2158607	beta_T2D_GSM2158607
SmartSeq2	beta	T2D	GSM2158608	beta_T2D_GSM2158608
SmartSeq2	beta	T2D	GSM2158609	beta_T2D_GSM2158609
SmartSeq2	beta	T2D	GSM2158610	beta_T2D_GSM2158610
SmartSeq2	beta	T2D	GSM2158611	beta_T2D_GSM2158611
SmartSeq2	beta	T2D	GSM2158612	beta_T2D_GSM2158612
SmartSeq2	beta	T2D	GSM2158613	beta_T2D_GSM2158613
SmartSeq2	beta	T2D	GSM2158614	beta_T2D_GSM2158614
SmartSeq2	beta	T2D	GSM2158615	beta_T2D_GSM2158615
SmartSeq2	beta	T2D	GSM2158616	beta_T2D_GSM2158616
SmartSeq2	beta	T2D	GSM2158617	beta_T2D_GSM2158617
SmartSeq2	beta	T2D	GSM2158618	beta_T2D_GSM2158618
SmartSeq2	beta	T2D	GSM2158619	beta_T2D_GSM2158619
SmartSeq2	beta	T2D	GSM2158620	beta_T2D_GSM2158620
SmartSeq2	beta	T2D	GSM2158621	beta_T2D_GSM2158621
SmartSeq2	beta	T2D	GSM2158622	beta_T2D_GSM2158622
SmartSeq2	beta	T2D	GSM2158623	beta_T2D_GSM2158623
SmartSeq2	beta	T2D	GSM2158624	beta_T2D_GSM2158624
SmartSeq2	beta	T2D	GSM2158625	beta_T2D_GSM2158625
SmartSeq2	beta	T2D	GSM2158626	beta_T2D_GSM2158626
SmartSeq2	beta	T2D	GSM2158627	beta_T2D_GSM2158627
SmartSeq2	beta	T2D	GSM2158628	beta_T2D_GSM2158628
SmartSeq2	beta	T2D	GSM2158629	beta_T2D_GSM2158629
SmartSeq2	beta	T2D	GSM2158630	beta_T2D_GSM2158630
SmartSeq2	beta	T2D	GSM2158631	beta_T2D_GSM2158631
SmartSeq2	beta	T2D	GSM2158632	beta_T2D_GSM2158632
SmartSeq2	beta	T2D	GSM2158633	beta_T2D_GSM2158633
SmartSeq2	beta	T2D	GSM2158634	beta_T2D_GSM2158634
SmartSeq2	beta	T2D	GSM2158635	beta_T2D_GSM2158635
SmartSeq2	beta	T2D	GSM2158636	beta_T2D_GSM2158636
SmartSeq2	beta	T2D	GSM2158637	beta_T2D_GSM2158637
SmartSeq2	beta	T2D	GSM2158638	beta_T2D_GSM2158638
SmartSeq2	beta	T2D	GSM2158639	beta_T2D_GSM2158639
SmartSeq2	beta	T2D	GSM2158640	beta_T2D_GSM2158640
SmartSeq2	beta	T2D	GSM2158641	beta_T2D_GSM2158641
SmartSeq2	beta	T2D	GSM2158642	beta_T2D_GSM2158642
SmartSeq2	beta	T2D	GSM2158643	beta_T2D_GSM2158643
SmartSeq2	beta	T2D	GSM2158644	beta_T2D_GSM2158644
SmartSeq2	beta	T2D	GSM2158645	beta_T2D_GSM2158645
SmartSeq2	beta	T2D	GSM2158646	beta_T2D_GSM2158646
SmartSeq2	beta	T2D	GSM2158647	beta_T2D_GSM2158647
SmartSeq2	beta	T2D	GSM2158648	beta_T2D_GSM2158648
SmartSeq2	beta	T2D	GSM2158649	beta_T2D_GSM2158649
SmartSeq2	beta	T2D	GSM2158650	beta_T2D_GSM2158650
SmartSeq2	beta	T2D	GSM2158651	beta_T2D_GSM2158651
SmartSeq2	beta	T2D	GSM2158652	beta_T2D_GSM2158652
SmartSeq2	beta	T2D	GSM2158653	beta_T2D_GSM2158653
SmartSeq2	beta	T2D	GSM2158654	beta_T2D_GSM2158654
SmartSeq2	beta	T2D	GSM2158655	beta_T2D_GSM2158655
SmartSeq2	beta	T2D	GSM2158656	beta_T2D_GSM2158656
SmartSeq2	beta	T2D	GSM2158657	beta_T2D_GSM2158657
SmartSeq2	beta	T2D	GSM2158658	beta_T2D_GSM2158658
SmartSeq2	beta	T2D	GSM2158659	beta_T2D_GSM2158659
SmartSeq2	beta	T2D	GSM2158660	beta_T2D_GSM2158660
SmartSeq2	beta	T2D	GSM2158661	beta_T2D_GSM2158661
SmartSeq2	beta	T2D	GSM2158662	beta_T2D_GSM2158662
SmartSeq2	beta	T2D	GSM2158663	beta_T2D_GSM2158663
SmartSeq2	beta	T2D	GSM2158664	beta_T2D_GSM2158664
SmartSeq2	beta	T2D	GSM2158665	beta_T2D_GSM2158665
SmartSeq2	beta	T2D	GSM2158666	beta_T2D_GSM2158666
SmartSeq2	beta	T2D	GSM2158667	beta_T2D_GSM2158667
SmartSeq2	beta	T2D	GSM2158668	beta_T2D_GSM2158668
SmartSeq2	beta	T2D	GSM2158669	beta_T2D_GSM2158669
SmartSeq2	beta	T2D	GSM2158670	beta_T2D_GSM2158670
SmartSeq2	beta	T2D	GSM2158671	beta_T2D_GSM2158671
SmartSeq2	beta	T2D	GSM2158672	beta_T2D_GSM2158672
SmartSeq2	beta	T2D	GSM2158673	beta_T2D_GSM2158673
SmartSeq2	beta	T2D	GSM2158674	beta_T2D_GSM2158674
SmartSeq2	beta	T2D	GSM2158675	beta_T2D_GSM2158675
SmartSeq2	beta	T2D	GSM2158676	beta_T2D_GSM2158676
SmartSeq2	beta	T2D	GSM2158677	beta_T2D_GSM2158677
SmartSeq2	beta	T2D	GSM2158678	beta_T2D_GSM2158678
SmartSeq2	beta	T2D	GSM2158679	beta_T2D_GSM2158679
SmartSeq2	beta	T2D	GSM2158680	beta_T2D_GSM2158680
SmartSeq2	beta	T2D	GSM2158681	beta_T2D_GSM2158681
SmartSeq2	beta	T2D	GSM2158682	beta_T2D_GSM2158682
SmartSeq2	beta	T2D	GSM2158683	beta_T2D_GSM2158683
SmartSeq2	beta	T2D	GSM2158684	beta_T2D_GSM2158684
SmartSeq2	beta	T2D	GSM2158685	beta_T2D_GSM2158685
SmartSeq2	beta	T2D	GSM2158686	beta_T2D_GSM2158686
SmartSeq2	beta	T2D	GSM2158687	beta_T2D_GSM2158687
SmartSeq2	beta	T2D	GSM2158688	beta_T2D_GSM2158688
SmartSeq2	beta	T2D	GSM2158689	beta_T2D_GSM2158689
SmartSeq2	beta	T2D	GSM2158690	beta_T2D_GSM2158690
SmartSeq2	beta	T2D	GSM2158691	beta_T2D_GSM2158691
SmartSeq2	beta	T2D	GSM2158692	beta_T2D_GSM2158692
SmartSeq2	beta	T2D	GSM2158693	beta_T2D_GSM2158693
SmartSeq2	beta	T2D	GSM2158694	beta_T2D_GSM2158694
SmartSeq2	beta	T2D	GSM2158695	beta_T2D_GSM2158695
SmartSeq2	beta	T2D	GSM2158696	beta_T2D_GSM2158696
SmartSeq2	beta	T2D	GSM2158697	beta_T2D_GSM2158697
SmartSeq2	beta	T2D	GSM2158698	beta_T2D_GSM2158698
SmartSeq2	beta	T2D	GSM2158699	beta_T2D_GSM2158699
SmartSeq2	beta	T2D	GSM2158700	beta_T2D_GSM2158700
SmartSeq2	beta	T2D	GSM2158701	beta_T2D_GSM2158701
SmartSeq2	beta	T2D	GSM2158702	beta_T2D_GSM2158702
SmartSeq2	beta	T2D	GSM2158703	beta_T2D_GSM2158703
SmartSeq2	beta	T2D	GSM2158704	beta_T2D_GSM2158704
SmartSeq2	beta	T2D	GSM2158705	beta_T2D_GSM2158705
SmartSeq2	beta	T2D	GSM2158706	beta_T2D_GSM2158706
SmartSeq2	beta	T2D	GSM2158707	beta_T2D_GSM2158707
SmartSeq2	beta	T2D	GSM2158708	beta_T2D_GSM2158708
SmartSeq2	beta	T2D	GSM2158709	beta_T2D_GSM2158709
SmartSeq2	beta	T2D	GSM2158710	beta_T2D_GSM2158710
SmartSeq2	beta	T2D	GSM2158711	beta_T2D_GSM2158711
SmartSeq2	beta	T2D	GSM2158712	beta_T2D_GSM2158712
SmartSeq2	beta	T2D	GSM2158713	beta_T2D_GSM2158713
SmartSeq2	beta	T2D	GSM2158714	beta_T2D_GSM2158714
SmartSeq2	beta	T2D	GSM2158715	beta_T2D_GSM2158715
SmartSeq2	beta	T2D	GSM2158716	beta_T2D_GSM2158716
SmartSeq2	beta	T2D	GSM2158717	beta_T2D_GSM2158717
SmartSeq2	beta	T2D	GSM2158718	beta_T2D_GSM2158718
SmartSeq2	beta	T2D	GSM2158719	beta_T2D_GSM2158719
SmartSeq2	beta	T2D	GSM2158720	beta_T2D_GSM2158720
SmartSeq2	beta	T2D	GSM2158721	beta_T2D_GSM2158721
SmartSeq2	beta	T2D	GSM2158722	beta_T2D_GSM2158722
SmartSeq2	beta	T2D	GSM2158723	beta_T2D_GSM2158723
SmartSeq2	beta	T2D	GSM2158724	beta_T2D_GSM2158724
SmartSeq2	beta	T2D	GSM2158725	beta_T2D_GSM2158725
SmartSeq2	beta	T2D	GSM2158726	beta_T2D_GSM2158726
SmartSeq2	beta	T2D	GSM2158727	beta_T2D_GSM2158727
SmartSeq2	beta	T2D	GSM2158728	beta_T2D_GSM2158728
SmartSeq2	beta	T2D	GSM2158729	beta_T2D_GSM2158729
SmartSeq2	beta	T2D	GSM2158730	beta_T2D_GSM2158730
SmartSeq2	beta	T2D	GSM2158731	beta_T2D_GSM2158731
SmartSeq2	beta	T2D	GSM2158732	beta_T2D_GSM2158732
SmartSeq2	beta	T2D	GSM2158733	beta_T2D_GSM2158733
SmartSeq2	beta	T2D	GSM2158734	beta_T2D_GSM2158734
SmartSeq2	beta	T2D	GSM2158735	beta_T2D_GSM2158735
SmartSeq2	beta	T2D	GSM2158736	beta_T2D_GSM2158736
SmartSeq2	beta	T2D	GSM2158737	beta_T2D_GSM2158737
SmartSeq2	beta	T2D	GSM2158738	beta_T2D_GSM2158738
SmartSeq2	beta	T2D	GSM2158739	beta_T2D_GSM2158739
SmartSeq2	beta	T2D	GSM2158740	beta_T2D_GSM2158740
SmartSeq2	beta	T2D	GSM2158741	beta_T2D_GSM2158741
SmartSeq2	beta	T2D	GSM2158742	beta_T2D_GSM2158742
SmartSeq2	beta	T2D	GSM2158743	beta_T2D_GSM2158743
SmartSeq2	beta	T2D	GSM2158744	beta_T2D_GSM2158744
SmartSeq2	beta	T2D	GSM2158745	beta_T2D_GSM2158745
SmartSeq2	beta	T2D	GSM2158746	beta_T2D_GSM2158746
SmartSeq2	beta	T2D	GSM2158747	beta_T2D_GSM2158747
SmartSeq2	beta	T2D	GSM2158748	beta_T2D_GSM2158748
SmartSeq2	beta	T2D	GSM2158749	beta_T2D_GSM2158749
SmartSeq2	beta	T2D	GSM2158750	beta_T2D_GSM2158750
SmartSeq2	beta	T2D	GSM2158751	beta_T2D_GSM2158751
SmartSeq2	beta	T2D	GSM2158752	beta_T2D_GSM2158752
SmartSeq2	beta	T2D	GSM2158753	beta_T2D_GSM2158753
SmartSeq2	beta	T2D	GSM2158754	beta_T2D_GSM2158754
SmartSeq2	beta	T2D	GSM2158755	beta_T2D_GSM2158755
SmartSeq2	beta	T2D	GSM2158756	beta_T2D_GSM2158756
SmartSeq2	beta	T2D	GSM2158757	beta_T2D_GSM2158757
SmartSeq2	beta	T2D	GSM2158758	beta_T2D_GSM2158758
SmartSeq2	beta	T2D	GSM2158759	beta_T2D_GSM2158759
SmartSeq2	beta	T2D	GSM2158760	beta_T2D_GSM2158760
SmartSeq2	beta	T2D	GSM2158761	beta_T2D_GSM2158761
SmartSeq2	beta	T2D	GSM2158762	beta_T2D_GSM2158762
SmartSeq2	beta	T2D	GSM2158763	beta_T2D_GSM2158763
SmartSeq2	beta	T2D	GSM2158764	beta_T2D_GSM2158764
SmartSeq2	beta	T2D	GSM2158765	beta_T2D_GSM2158765
SmartSeq2	beta	T2D	GSM2158766	beta_T2D_GSM2158766
SmartSeq2	beta	T2D	GSM2158767	beta_T2D_GSM2158767
SmartSeq2	beta	T2D	GSM2158768	beta_T2D_GSM2158768
SmartSeq2	beta	T2D	GSM2158769	beta_T2D_GSM2158769
SmartSeq2	beta	T2D	GSM2158770	beta_T2D_GSM2158770
SmartSeq2	beta	T2D	GSM2158771	beta_T2D_GSM2158771
SmartSeq2	beta	T2D	GSM2158772	beta_T2D_GSM2158772
SmartSeq2	beta	T2D	GSM2158773	beta_T2D_GSM2158773
SmartSeq2	beta	T2D	GSM2158774	beta_T2D_GSM2158774
SmartSeq2	beta	T2D	GSM2158775	beta_T2D_GSM2158775
SmartSeq2	beta	T2D	GSM2158776	beta_T2D_GSM2158776
SmartSeq2	beta	T2D	GSM2158777	beta_T2D_GSM2158777
SmartSeq2	beta	T2D	GSM2158778	beta_T2D_GSM2158778
SmartSeq2	beta	T2D	GSM2158779	beta_T2D_GSM2158779
SmartSeq2	beta	T2D	GSM2158780	beta_T2D_GSM2158780
SmartSeq2	beta	T2D	GSM2158781	beta_T2D_GSM2158781
SmartSeq2	beta	T2D	GSM2158782	beta_T2D_GSM2158782
SmartSeq2	beta	T2D	GSM2158783	beta_T2D_GSM2158783
SmartSeq2	beta	T2D	GSM2158784	beta_T2D_GSM2158784
SmartSeq2	beta	T2D	GSM2158785	beta_T2D_GSM2158785
SmartSeq2	beta	T2D	GSM2158786	beta_T2D_GSM2158786
SmartSeq2	beta	T2D	GSM2158787	beta_T2D_GSM2158787
SmartSeq2	beta	T2D	GSM2158788	beta_T2D_GSM2158788
SmartSeq2	beta	T2D	GSM2158789	beta_T2D_GSM2158789
SmartSeq2	beta	T2D	GSM2158790	beta_T2D_GSM2158790
SmartSeq2	beta	T2D	GSM2158791	beta_T2D_GSM2158791
SmartSeq2	beta	T2D	GSM2158792	beta_T2D_GSM2158792
SmartSeq2	beta	T2D	GSM2158793	beta_T2D_GSM2158793
SmartSeq2	beta	T2D	GSM2158794	beta_T2D_GSM2158794
SmartSeq2	beta	T2D	GSM2158795	beta_T2D_GSM2158795
SmartSeq2	beta	T2D	GSM2158796	beta_T2D_GSM2158796
SmartSeq2	beta	T2D	GSM2158797	beta_T2D_GSM2158797
SmartSeq2	beta	T2D	GSM2158798	beta_T2D_GSM2158798
SmartSeq2	beta	T2D	GSM2158799	beta_T2D_GSM2158799
SmartSeq2	beta	T2D	GSM2158800	beta_T2D_GSM2158800
SmartSeq2	beta	T2D	GSM2158801	beta_T2D_GSM2158801
SmartSeq2	beta	T2D	GSM2158802	beta_T2D_GSM2158802
SmartSeq2	beta	T2D	GSM2158803	beta_T2D_GSM2158803
SmartSeq2	beta	T2D	GSM2158804	beta_T2D_GSM2158804
SmartSeq2	beta	T2D	GSM2158805	beta_T2D_GSM2158805
SmartSeq2	beta	T2D	GSM2158806	beta_T2D_GSM2158806
SmartSeq2	beta	T2D	GSM2158807	beta_T2D_GSM2158807
SmartSeq2	beta	T2D	GSM2158808	beta_T2D_GSM2158808
SmartSeq2	beta	T2D	GSM2158809	beta_T2D_GSM2158809
SmartSeq2	beta	T2D	GSM2158810	beta_T2D_GSM2158810
SmartSeq2	beta	T2D	GSM2158811	beta_T2D_GSM2158811
SmartSeq2	beta	T2D	GSM2158812	beta_T2D_GSM2158812
SmartSeq2	beta	T2D	GSM2158813	beta_T2D_GSM2158813
SmartSeq2	beta	T2D	GSM2158814	beta_T2D_GSM2158814
SmartSeq2	beta	T2D	GSM2158815	beta_T2D_GSM2158815
SmartSeq2	beta	T2D	GSM2158816	beta_T2D_GSM2158816
SmartSeq2	beta	T2D	GSM2158817	beta_T2D_GSM2158817
SmartSeq2	beta	T2D	GSM2158818	beta_T2D_GSM2158818
SmartSeq2	beta	T2D	GSM2158819	beta_T2D_GSM2158819
SmartSeq2	beta	T2D	GSM2158820	beta_T2D_GSM2158820
SmartSeq2	beta	T2D	GSM2158821	beta_T2D_GSM2158821
SmartSeq2	beta	T2D	GSM2158822	beta_T2D_GSM2158822
SmartSeq2	beta	T2D	GSM2158823	beta_T2D_GSM2158823
SmartSeq2	beta	T2D	GSM2158824	beta_T2D_GSM2158824
SmartSeq2	beta	T2D	GSM2158825	beta_T2D_GSM2158825
SmartSeq2	beta	T2D	GSM2158826	beta_T2D_GSM2158826
SmartSeq2	beta	T2D	GSM2158827	beta_T2D_GSM2158827
SmartSeq2	beta	T2D	GSM2158828	beta_T2D_GSM2158828
SmartSeq2	beta	T2D	GSM2158829	beta_T2D_GSM2158829
SmartSeq2	beta	T2D	GSM2158830	beta_T2D_GSM2158830
SmartSeq2	beta	T2D	GSM2158831	beta_T2D_GSM2158831
SmartSeq2	beta	T2D	GSM2158832	beta_T2D_GSM2158832
SmartSeq2	beta	T2D	GSM2158833	beta_T2D_GSM2158833
SmartSeq2	beta	T2D	GSM2158834	beta_T2D_GSM2158834
SmartSeq2	beta	T2D	GSM2158835	beta_T2D_GSM2158835
SmartSeq2	beta	T2D	GSM2158836	beta_T2D_GSM2158836
SmartSeq2	beta	T2D	GSM2158837	beta_T2D_GSM2158837
SmartSeq2	beta	T2D	GSM2158838	beta_T2D_GSM2158838
SmartSeq2	beta	T2D	GSM2158839	beta_T2D_GSM2158839
SmartSeq2	beta	T2D	GSM2158840	beta_T2D_GSM2158840
SmartSeq2	beta	T2D	GSM2158842	beta_T2D_GSM2158842
SmartSeq2	beta	T2D	GSM2158843	beta_T2D_GSM2158843
SmartSeq2	beta	T2D	GSM2158844	beta_T2D_GSM2158844
SmartSeq2	beta	T2D	GSM2158846	beta_T2D_GSM2158846
SmartSeq2	beta	T2D	GSM2158848	beta_T2D_GSM2158848
SmartSeq2	delta	ND	GSM2158483	delta_ND_GSM2158483
SmartSeq2	delta	ND	GSM2158484	delta_ND_GSM2158484
SmartSeq2	delta	ND	GSM2158485	delta_ND_GSM2158485
SmartSeq2	delta	ND	GSM2158486	delta_ND_GSM2158486
SmartSeq2	delta	ND	GSM2158487	delta_ND_GSM2158487
SmartSeq2	delta	ND	GSM2158488	delta_ND_GSM2158488
SmartSeq2	delta	ND	GSM2158489	delta_ND_GSM2158489
SmartSeq2	delta	ND	GSM2158490	delta_ND_GSM2158490
SmartSeq2	delta	ND	GSM2158491	delta_ND_GSM2158491
SmartSeq2	delta	ND	GSM2158492	delta_ND_GSM2158492
SmartSeq2	delta	ND	GSM2158493	delta_ND_GSM2158493
SmartSeq2	delta	ND	GSM2158494	delta_ND_GSM2158494
SmartSeq2	delta	ND	GSM2158495	delta_ND_GSM2158495
SmartSeq2	delta	ND	GSM2158496	delta_ND_GSM2158496
SmartSeq2	delta	ND	GSM2158497	delta_ND_GSM2158497
SmartSeq2	delta	ND	GSM2158498	delta_ND_GSM2158498
SmartSeq2	delta	ND	GSM2158499	delta_ND_GSM2158499
SmartSeq2	delta	ND	GSM2158500	delta_ND_GSM2158500
SmartSeq2	delta	ND	GSM2158501	delta_ND_GSM2158501
SmartSeq2	delta	ND	GSM2158502	delta_ND_GSM2158502
SmartSeq2	delta	ND	GSM2158503	delta_ND_GSM2158503
SmartSeq2	delta	ND	GSM2158504	delta_ND_GSM2158504
SmartSeq2	delta	ND	GSM2158505	delta_ND_GSM2158505
SmartSeq2	delta	ND	GSM2158506	delta_ND_GSM2158506
SmartSeq2	delta	ND	GSM2158507	delta_ND_GSM2158507
SmartSeq2	delta	ND	GSM2158508	delta_ND_GSM2158508
SmartSeq2	delta	ND	GSM2158509	delta_ND_GSM2158509
SmartSeq2	delta	ND	GSM2158510	delta_ND_GSM2158510
SmartSeq2	delta	T2D	GSM2159475	delta_T2D_GSM2159475
SmartSeq2	delta	T2D	GSM2159476	delta_T2D_GSM2159476
SmartSeq2	delta	T2D	GSM2159477	delta_T2D_GSM2159477
SmartSeq2	delta	T2D	GSM2159478	delta_T2D_GSM2159478
SmartSeq2	delta	T2D	GSM2159479	delta_T2D_GSM2159479
SmartSeq2	delta	T2D	GSM2159480	delta_T2D_GSM2159480
SmartSeq2	delta	T2D	GSM2159481	delta_T2D_GSM2159481
SmartSeq2	delta	T2D	GSM2159482	delta_T2D_GSM2159482
SmartSeq2	delta	T2D	GSM2159483	delta_T2D_GSM2159483
SmartSeq2	delta	T2D	GSM2159484	delta_T2D_GSM2159484
SmartSeq2	delta	T2D	GSM2159485	delta_T2D_GSM2159485
SmartSeq2	delta	T2D	GSM2159486	delta_T2D_GSM2159486
SmartSeq2	delta	T2D	GSM2159487	delta_T2D_GSM2159487
SmartSeq2	delta	T2D	GSM2159488	delta_T2D_GSM2159488
SmartSeq2	delta	T2D	GSM2159489	delta_T2D_GSM2159489
SmartSeq2	delta	T2D	GSM2159490	delta_T2D_GSM2159490
SmartSeq2	delta	T2D	GSM2159491	delta_T2D_GSM2159491
SmartSeq2	delta	T2D	GSM2159492	delta_T2D_GSM2159492
SmartSeq2	delta	T2D	GSM2159493	delta_T2D_GSM2159493
SmartSeq2	delta	T2D	GSM2159494	delta_T2D_GSM2159494
SmartSeq2	delta	T2D	GSM2159495	delta_T2D_GSM2159495
SmartSeq2	delta	T2D	GSM2159496	delta_T2D_GSM2159496
SmartSeq2	delta	T2D	GSM2159497	delta_T2D_GSM2159497
SmartSeq2	delta	T2D	GSM2159498	delta_T2D_GSM2159498
SmartSeq2	delta	T2D	GSM2159499	delta_T2D_GSM2159499
SmartSeq2	delta	T2D	GSM2159500	delta_T2D_GSM2159500
SmartSeq2	delta	T2D	GSM2159501	delta_T2D_GSM2159501
SmartSeq2	delta	T2D	GSM2159502	delta_T2D_GSM2159502
SmartSeq2	delta	T2D	GSM2159503	delta_T2D_GSM2159503
SmartSeq2	delta	T2D	GSM2159504	delta_T2D_GSM2159504
